Date,Close,Tipe
2015-02-02,37.63591766357422,Real
2015-02-03,38.0473861694336,Real
2015-02-04,38.57455825805664,Real
2015-02-05,38.58741760253906,Real
2015-02-06,38.703155517578125,Real
2015-02-09,36.45296859741211,Real
2015-02-10,34.11920166015625,Real
2015-02-11,34.3635139465332,Real
2015-02-12,34.63996124267578,Real
2015-02-13,34.6721076965332,Real
2015-02-17,34.665672302246094,Real
2015-02-18,34.569244384765625,Real
2015-02-19,34.4406623840332,Real
2015-02-20,34.55638122558594,Real
2015-02-23,34.89069366455078,Real
2015-02-24,35.19285583496094,Real
2015-02-25,35.212135314941406,Real
2015-02-26,35.21858215332031,Real
2015-02-27,35.05784606933594,Real
2015-03-02,35.03213119506836,Real
2015-03-03,35.46931838989258,Real
2015-03-04,35.09000778198242,Real
2015-03-05,35.27643585205078,Real
2015-03-06,34.9421272277832,Real
2015-03-09,35.077144622802734,Real
2015-03-10,34.742828369140625,Real
2015-03-11,35.334312438964844,Real
2015-03-12,36.12507629394531,Real
2015-03-13,35.67524337768555,Real
2015-03-16,35.90926742553711,Real
2015-03-17,36.24080276489258,Real
2015-03-18,36.70883560180664,Real
2015-03-19,36.92335891723633,Real
2015-03-20,37.94395446777344,Real
2015-03-23,37.618927001953125,Real
2015-03-24,37.57342147827149,Real
2015-03-25,36.70232772827149,Real
2015-03-26,36.87784576416016,Real
2015-03-27,37.02086639404297,Real
2015-03-30,37.83993148803711,Real
2015-03-31,37.54091262817383,Real
2015-04-01,37.63192367553711,Real
2015-04-02,37.852935791015625,Real
2015-04-06,38.40549087524414,Real
2015-04-07,37.826927185058594,Real
2015-04-08,37.38489532470703,Real
2015-04-09,36.72183609008789,Real
2015-04-10,37.37189865112305,Real
2015-04-13,37.742431640625,Real
2015-04-14,38.13896942138672,Real
2015-04-15,37.75542831420898,Real
2015-04-16,37.4369010925293,Real
2015-04-17,37.11187744140625,Real
2015-04-20,37.456390380859375,Real
2015-04-21,37.50191116333008,Real
2015-04-22,37.77494430541992,Real
2015-04-23,38.0024528503418,Real
2015-04-24,37.89845275878906,Real
2015-04-27,37.2288818359375,Real
2015-04-28,36.578834533691406,Real
2015-04-29,36.04576873779297,Real
2015-04-30,35.71424865722656,Real
2015-05-01,35.89625930786133,Real
2015-05-04,36.32530212402344,Real
2015-05-05,36.123783111572266,Real
2015-05-06,35.92226028442383,Real
2015-05-07,36.006771087646484,Real
2015-05-08,36.20829391479492,Real
2015-05-11,35.71424865722656,Real
2015-05-12,35.564720153808594,Real
2015-05-13,35.47372055053711,Real
2015-05-14,35.5582160949707,Real
2015-05-15,35.629737854003906,Real
2015-05-18,35.83776092529297,Real
2015-05-19,35.94175720214844,Real
2015-05-20,35.83125305175781,Real
2015-05-21,35.71424865722656,Real
2015-05-22,35.616737365722656,Real
2015-05-26,36.0197639465332,Real
2015-05-27,36.38380813598633,Real
2015-05-28,36.47481155395508,Real
2015-05-29,36.19529342651367,Real
2015-06-01,36.20178985595703,Real
2015-06-02,36.20829391479492,Real
2015-06-03,36.72835159301758,Real
2015-06-04,36.59832000732422,Real
2015-06-05,36.52030944824219,Real
2015-06-08,36.50081634521485,Real
2015-06-09,36.33517837524414,Real
2015-06-10,36.36803817749024,Real
2015-06-11,36.40747833251953,Real
2015-06-12,36.31545639038086,Real
2015-06-15,36.23001480102539,Real
2015-06-16,36.57837677001953,Real
2015-06-17,36.650672912597656,Real
2015-06-18,37.07134246826172,Real
2015-06-19,37.590599060058594,Real
2015-06-22,37.8140869140625,Real
2015-06-23,37.70893096923828,Real
2015-06-24,37.28824615478516,Real
2015-06-25,37.15022277832031,Real
2015-06-26,37.367130279541016,Real
2015-06-29,36.59151458740234,Real
2015-06-30,36.57837677001953,Real
2015-07-01,36.992469787597656,Real
2015-07-02,36.67040252685547,Real
2015-07-06,36.85443115234375,Real
2015-07-07,37.16335678100586,Real
2015-07-08,36.920166015625,Real
2015-07-09,36.60466766357422,Real
2015-07-10,36.8281478881836,Real
2015-07-13,37.091064453125,Real
2015-07-14,37.04505157470703,Real
2015-07-15,37.261962890625,Real
2015-07-16,37.38684844970703,Real
2015-07-17,37.24223709106445,Real
2015-07-20,37.20937728881836,Real
2015-07-21,37.11077499389648,Real
2015-07-22,37.16994094848633,Real
2015-07-23,37.05163192749024,Real
2015-07-24,37.01218795776367,Real
2015-07-27,36.90044784545898,Real
2015-07-28,36.85443115234375,Real
2015-07-29,36.91360855102539,Real
2015-07-30,37.07134246826172,Real
2015-07-31,37.10422134399414,Real
2015-08-03,36.47320175170898,Real
2015-08-04,36.755855560302734,Real
2015-08-05,36.2825927734375,Real
2015-08-06,35.934226989746094,Real
2015-08-07,35.95394515991211,Real
2015-08-10,35.83564758300781,Real
2015-08-11,35.84220886230469,Real
2015-08-12,35.520137786865234,Real
2015-08-13,35.506980895996094,Real
2015-08-14,36.13143157958984,Real
2015-08-17,36.23001480102539,Real
2015-08-18,36.394325256347656,Real
2015-08-19,36.15114212036133,Real
2015-08-20,35.50041580200195,Real
2015-08-21,34.90227127075195,Real
2015-08-24,33.38392639160156,Real
2015-08-25,33.20646286010742,Real
2015-08-26,33.65998840332031,Real
2015-08-27,34.19240951538086,Real
2015-08-28,33.73229217529297,Real
2015-08-31,33.4299430847168,Real
2015-09-01,32.70691680908203,Real
2015-09-02,33.0487174987793,Real
2015-09-03,32.831809997558594,Real
2015-09-04,32.312530517578125,Real
2015-09-08,32.797142028808594,Real
2015-09-09,33.023475646972656,Real
2015-09-10,33.35629653930664,Real
2015-09-11,33.635887145996094,Real
2015-09-14,33.635887145996094,Real
2015-09-15,33.70909881591797,Real
2015-09-16,33.882179260253906,Real
2015-09-17,33.815616607666016,Real
2015-09-18,34.54117965698242,Real
2015-09-21,34.740875244140625,Real
2015-09-22,34.2882194519043,Real
2015-09-23,34.15509796142578,Real
2015-09-24,34.181724548339844,Real
2015-09-25,34.0485954284668,Real
2015-09-28,33.78232192993164,Real
2015-09-29,33.61591339111328,Real
2015-09-30,33.6225700378418,Real
2015-10-01,33.063411712646484,Real
2015-10-02,32.85039138793945,Real
2015-10-05,33.50275039672852,Real
2015-10-06,33.67581558227539,Real
2015-10-07,33.802303314208984,Real
2015-10-08,34.148433685302734,Real
2015-10-09,34.38142013549805,Real
2015-10-12,34.62771224975586,Real
2015-10-13,34.64103317260742,Real
2015-10-14,34.0619010925293,Real
2015-10-15,35.180213928222656,Real
2015-10-16,35.04042053222656,Real
2015-10-19,35.27340316772461,Real
2015-10-20,35.30003356933594,Real
2015-10-21,35.13362121582031,Real
2015-10-22,35.373260498046875,Real
2015-10-23,35.34661865234375,Real
2015-10-26,35.41984176635742,Real
2015-10-27,35.1402702331543,Real
2015-10-28,35.85919570922852,Real
2015-10-29,35.77265548706055,Real
2015-10-30,35.95237350463867,Real
2015-11-02,34.56779861450195,Real
2015-11-03,34.68097305297852,Real
2015-11-04,34.694278717041016,Real
2015-11-05,34.787471771240234,Real
2015-11-06,34.727561950683594,Real
2015-11-09,34.0619010925293,Real
2015-11-10,34.30154037475586,Real
2015-11-11,34.2616081237793,Real
2015-11-12,33.54269790649414,Real
2015-11-13,33.44284439086914,Real
2015-11-16,33.68246841430664,Real
2015-11-17,33.55598831176758,Real
2015-11-18,34.0485954284668,Real
2015-11-19,34.148433685302734,Real
2015-11-20,34.3880729675293,Real
2015-11-23,34.08186721801758,Real
2015-11-24,34.01531219482422,Real
2015-11-25,33.99533462524414,Real
2015-11-27,34.25494384765625,Real
2015-11-30,34.4479866027832,Real
2015-12-01,34.58111572265625,Real
2015-12-02,34.32151412963867,Real
2015-12-03,33.88882827758789,Real
2015-12-04,34.60108184814453,Real
2015-12-07,34.514556884765625,Real
2015-12-08,34.00865173339844,Real
2015-12-09,33.71574783325195,Real
2015-12-10,33.20319747924805,Real
2015-12-11,32.48871994018555,Real
2015-12-14,32.448272705078125,Real
2015-12-15,32.08429336547852,Real
2015-12-16,31.22826194763184,Real
2015-12-17,30.9856071472168,Real
2015-12-18,30.7631778717041,Real
2015-12-21,31.140634536743164,Real
2015-12-22,31.63943099975586,Real
2015-12-23,31.60572052001953,Real
2015-12-24,31.72031593322754,Real
2015-12-28,31.996658325195312,Real
2015-12-29,32.0034065246582,Real
2015-12-30,31.888822555541992,Real
2015-12-31,31.390031814575195,Real
2016-01-04,30.93843078613281,Real
2016-01-05,30.82383728027344,Real
2016-01-06,30.82383728027344,Real
2016-01-07,29.78581047058105,Real
2016-01-08,29.024145126342773,Real
2016-01-11,29.920623779296875,Real
2016-01-12,29.88692283630371,Real
2016-01-13,29.516202926635746,Real
2016-01-14,30.095882415771484,Real
2016-01-15,29.88692283630371,Real
2016-01-19,29.66448211669922,Real
2016-01-20,29.671226501464844,Real
2016-01-21,29.846471786499023,Real
2016-01-22,30.237424850463867,Real
2016-01-25,29.812774658203125,Real
2016-01-26,30.574445724487305,Real
2016-01-27,30.19697952270508,Real
2016-01-28,30.345272064208984,Real
2016-01-29,31.29566192626953,Real
2016-02-01,30.79687118530273,Real
2016-02-02,30.662071228027344,Real
2016-02-03,30.87101173400879,Real
2016-02-04,30.55422592163086,Real
2016-02-05,30.729476928710938,Real
2016-02-08,33.445858001708984,Real
2016-02-09,33.04816818237305,Real
2016-02-10,33.13578796386719,Real
2016-02-11,32.401084899902344,Real
2016-02-12,33.56045150756836,Real
2016-02-16,34.19403839111328,Real
2016-02-17,34.09293746948242,Real
2016-02-18,34.59170913696289,Real
2016-02-19,35.73084259033203,Real
2016-02-22,36.05438995361328,Real
2016-02-23,35.616268157958984,Real
2016-02-24,36.007198333740234,Real
2016-02-25,36.10831451416016,Real
2016-02-26,35.858917236328125,Real
2016-02-29,35.44101333618164,Real
2016-03-01,35.609519958496094,Real
2016-03-02,35.96002197265625,Real
2016-03-03,36.34422302246094,Real
2016-03-04,36.42510223388672,Real
2016-03-07,36.69472885131836,Real
2016-03-08,36.29704284667969,Real
2016-03-09,36.45207977294922,Real
2016-03-10,35.82521057128906,Real
2016-03-11,36.532958984375,Real
2016-03-14,36.12852478027344,Real
2016-03-15,36.4831428527832,Real
2016-03-16,36.5717887878418,Real
2016-03-17,37.02868270874024,Real
2016-03-18,36.91274642944336,Real
2016-03-21,37.199161529541016,Real
2016-03-22,37.1650619506836,Real
2016-03-23,36.60588455200195,Real
2016-03-24,36.98775863647461,Real
2016-03-28,37.69015121459961,Real
2016-03-29,38.065208435058594,Real
2016-03-30,38.0788459777832,Real
2016-03-31,37.846981048583984,Real
2016-04-01,37.91518020629883,Real
2016-04-04,37.45828628540039,Real
2016-04-05,36.55814743041992,Real
2016-04-06,36.80363082885742,Real
2016-04-07,36.183082580566406,Real
2016-04-08,36.135345458984375,Real
2016-04-11,36.21035385131836,Real
2016-04-12,36.578609466552734,Real
2016-04-13,36.94683837890625,Real
2016-04-14,36.64680099487305,Real
2016-04-15,36.85818862915039,Real
2016-04-18,36.88546752929688,Real
2016-04-19,37.04914093017578,Real
2016-04-20,36.99458694458008,Real
2016-04-21,36.37401580810547,Real
2016-04-22,36.76953506469727,Real
2016-04-25,36.66725540161133,Real
2016-04-26,36.68771362304688,Real
2016-04-27,36.66725540161133,Real
2016-04-28,36.53086853027344,Real
2016-04-29,36.073978424072266,Real
2016-05-02,36.00578308105469,Real
2016-05-03,35.71937942504883,Real
2016-05-04,35.46706771850586,Real
2016-05-05,35.44660949707031,Real
2016-05-06,35.44660949707031,Real
2016-05-09,35.48752975463867,Real
2016-05-10,35.77392578125,Real
2016-05-11,35.323856353759766,Real
2016-05-12,35.80802536010742,Real
2016-05-13,35.310211181640625,Real
2016-05-16,35.37158203125,Real
2016-05-17,34.80559158325195,Real
2016-05-18,35.15337371826172,Real
2016-05-19,35.085174560546875,Real
2016-05-20,35.31703567504883,Real
2016-05-23,35.071556091308594,Real
2016-05-24,35.67845916748047,Real
2016-05-25,35.576168060302734,Real
2016-05-26,35.589805603027344,Real
2016-05-27,35.87621307373047,Real
2016-05-31,35.84893798828125,Real
2016-06-01,36.21718978881836,Real
2016-06-02,36.16263198852539,Real
2016-06-03,36.06033706665039,Real
2016-06-06,36.073978424072266,Real
2016-06-07,36.03306579589844,Real
2016-06-08,36.08760833740234,Real
2016-06-09,36.20353317260742,Real
2016-06-10,36.1285285949707,Real
2016-06-13,35.98532485961914,Real
2016-06-14,35.792118072509766,Real
2016-06-15,35.391902923583984,Real
2016-06-16,35.467796325683594,Real
2016-06-17,35.10207748413086,Real
2016-06-20,35.39878463745117,Real
2016-06-21,35.46090316772461,Real
2016-06-22,35.41949844360352,Real
2016-06-23,36.13712692260742,Real
2016-06-24,35.30219268798828,Real
2016-06-27,34.45345687866211,Real
2016-06-28,34.68806457519531,Real
2016-06-29,35.30219268798828,Real
2016-06-30,36.68225860595703,Real
2016-07-01,36.60634613037109,Real
2016-07-05,36.50975036621094,Real
2016-07-06,36.7857666015625,Real
2016-07-07,36.71675491333008,Real
2016-07-08,36.903076171875,Real
2016-07-11,37.46889877319336,Real
2016-07-12,37.910526275634766,Real
2016-07-13,38.048526763916016,Real
2016-07-14,38.13134002685547,Real
2016-07-15,38.227935791015625,Real
2016-07-18,37.53790664672852,Real
2016-07-19,37.531005859375,Real
2016-07-20,37.64141845703125,Real
2016-07-21,37.675907135009766,Real
2016-07-22,38.2486457824707,Real
2016-07-25,38.20723342895508,Real
2016-07-26,38.0830307006836,Real
2016-07-27,38.50395202636719,Real
2016-07-28,38.65576934814453,Real
2016-07-29,38.20723342895508,Real
2016-08-01,36.792667388916016,Real
2016-08-02,36.70986557006836,Real
2016-08-03,36.44075012207031,Real
2016-08-04,36.29584503173828,Real
2016-08-05,36.32343673706055,Real
2016-08-08,36.39244842529297,Real
2016-08-09,37.06178665161133,Real
2016-08-10,36.84786605834961,Real
2016-08-11,36.68915557861328,Real
2016-08-12,36.33034133911133,Real
2016-08-15,36.33725357055664,Real
2016-08-16,36.23374557495117,Real
2016-08-17,36.03363037109375,Real
2016-08-18,36.25443649291992,Real
2016-08-19,36.1440315246582,Real
2016-08-22,36.33725357055664,Real
2016-08-23,36.33034133911133,Real
2016-08-24,36.36485290527344,Real
2016-08-25,36.613258361816406,Real
2016-08-26,36.66156005859375,Real
2016-08-29,37.027286529541016,Real
2016-08-30,37.39990234375,Real
2016-08-31,37.46889877319336,Real
2016-09-01,37.39299774169922,Real
2016-09-02,37.82771682739258,Real
2016-09-06,37.87601089477539,Real
2016-09-07,38.33834457397461,Real
2016-09-08,38.36595153808594,Real
2016-09-09,37.51030731201172,Real
2016-09-12,37.70351409912109,Real
2016-09-13,37.36152267456055,Real
2016-09-14,37.0264778137207,Real
2016-09-15,37.27776336669922,Real
2016-09-16,37.17306518554688,Real
2016-09-19,37.508087158203125,Real
2016-09-20,37.7314338684082,Real
2016-09-21,38.51314926147461,Real
2016-09-22,39.09943389892578,Real
2016-09-23,38.49220657348633,Real
2016-09-26,38.26884841918945,Real
2016-09-27,38.46428680419922,Real
2016-09-28,38.75741958618164,Real
2016-09-29,38.16415786743164,Real
2016-09-30,38.2828254699707,Real
2016-10-03,37.87102127075195,Real
2016-10-04,37.808204650878906,Real
2016-10-05,37.72444534301758,Real
2016-10-06,37.57787704467773,Real
2016-10-07,37.94081497192383,Real
2016-10-10,38.29677581787109,Real
2016-10-11,37.76632690429688,Real
2016-10-12,38.26884841918945,Real
2016-10-13,38.17810821533203,Real
2016-10-14,38.338645935058594,Real
2016-10-17,38.19905471801758,Real
2016-10-18,37.72444534301758,Real
2016-10-19,37.39642333984375,Real
2016-10-20,36.28666687011719,Real
2016-10-21,35.70038604736328,Real
2016-10-24,36.20988845825195,Real
2016-10-25,36.11915588378906,Real
2016-10-26,35.59569549560547,Real
2016-10-27,35.59569549560547,Real
2016-10-28,35.211814880371094,Real
2016-10-31,38.01759719848633,Real
2016-11-01,39.16922378540039,Real
2016-11-02,37.7314338684082,Real
2016-11-03,38.11530303955078,Real
2016-11-04,38.26187515258789,Real
2016-11-07,38.13624572753906,Real
2016-11-08,38.26884841918945,Real
2016-11-09,39.86716842651367,Real
2016-11-10,40.02072143554688,Real
2016-11-11,39.978851318359375,Real
2016-11-14,40.24407577514648,Real
2016-11-15,40.53023147583008,Real
2016-11-16,40.48834228515625,Real
2016-11-17,40.767539978027344,Real
2016-11-18,40.98390197753906,Real
2016-11-21,41.02578353881836,Real
2016-11-22,40.96994400024414,Real
2016-11-23,41.38871765136719,Real
2016-11-25,41.639984130859375,Real
2016-11-28,41.40267562866211,Real
2016-11-29,41.48643112182617,Real
2016-11-30,40.76055908203125,Real
2016-12-01,41.08858871459961,Real
2016-12-02,40.69075775146485,Real
2016-12-05,40.8652572631836,Real
2016-12-06,41.360801696777344,Real
2016-12-07,41.78654861450195,Real
2016-12-08,41.84238815307617,Real
2016-12-09,42.2890739440918,Real
2016-12-12,42.48450469970703,Real
2016-12-13,42.32442855834961,Real
2016-12-14,41.65452194213867,Real
2016-12-15,40.89292907714844,Real
2016-12-16,41.90837860107422,Real
2016-12-19,42.29622650146485,Real
2016-12-20,42.430206298828125,Real
2016-12-21,42.28212738037109,Real
2016-12-22,42.5007209777832,Real
2016-12-23,42.44430923461914,Real
2016-12-27,42.55713653564453,Real
2016-12-28,42.162235260009766,Real
2016-12-29,42.53597259521485,Real
2016-12-30,42.45841217041016,Real
2017-01-03,41.94363784790039,Real
2017-01-04,42.65586471557617,Real
2017-01-05,42.451358795166016,Real
2017-01-06,42.20454406738281,Real
2017-01-09,41.506439208984375,Real
2017-01-10,42.148136138916016,Real
2017-01-11,42.61355972290039,Real
2017-01-12,42.08467483520508,Real
2017-01-13,42.1904525756836,Real
2017-01-17,41.56284332275391,Real
2017-01-18,41.99299621582031,Real
2017-01-19,42.20454406738281,Real
2017-01-20,42.818058013916016,Real
2017-01-23,42.78983688354492,Real
2017-01-24,43.459747314453125,Real
2017-01-25,44.348270416259766,Real
2017-01-26,44.35533142089844,Real
2017-01-27,44.67265319824219,Real
2017-01-30,44.32711791992188,Real
2017-01-31,44.60212326049805,Real
2017-02-01,44.81369018554688,Real
2017-02-02,45.23678588867188,Real
2017-02-03,44.00978469848633,Real
2017-02-06,42.93792724609375,Real
2017-02-07,41.2173080444336,Real
2017-02-08,39.94801330566406,Real
2017-02-09,40.29353332519531,Real
2017-02-10,39.91979217529297,Real
2017-02-13,40.25827407836914,Real
2017-02-14,40.29353332519531,Real
2017-02-15,40.82241439819336,Real
2017-02-16,41.1609001159668,Real
2017-02-17,41.05512619018555,Real
2017-02-21,40.9140853881836,Real
2017-02-22,41.42887496948242,Real
2017-02-23,41.4359130859375,Real
2017-02-24,41.23846054077149,Real
2017-02-27,41.23846054077149,Real
2017-02-28,41.34424209594727,Real
2017-03-01,42.25390625,Real
2017-03-02,42.03530502319336,Real
2017-03-03,41.90837860107422,Real
2017-03-06,41.760292053222656,Real
2017-03-07,41.54169845581055,Real
2017-03-08,41.17500686645508,Real
2017-03-09,41.54873275756836,Real
2017-03-10,41.63336181640625,Real
2017-03-13,41.830810546875,Real
2017-03-14,42.1963996887207,Real
2017-03-15,42.80216598510742,Real
2017-03-16,42.581241607666016,Real
2017-03-17,42.49571990966797,Real
2017-03-20,42.50997924804688,Real
2017-03-21,42.11800003051758,Real
2017-03-22,41.91133117675781,Real
2017-03-23,42.02536010742188,Real
2017-03-24,41.77594757080078,Real
2017-03-27,42.324684143066406,Real
2017-03-28,42.72377395629883,Real
2017-03-29,42.85917282104492,Real
2017-03-30,43.34378433227539,Real
2017-03-31,43.46493148803711,Real
2017-04-03,42.28905487060547,Real
2017-04-04,42.38881301879883,Real
2017-04-05,41.60490417480469,Real
2017-04-06,41.74029922485352,Real
2017-04-07,41.49800491333008,Real
2017-04-10,41.88282775878906,Real
2017-04-11,42.22490692138672,Real
2017-04-12,42.21064758300781,Real
2017-04-13,41.81156921386719,Real
2017-04-17,42.417327880859375,Real
2017-04-18,42.44582748413086,Real
2017-04-19,42.631134033203125,Real
2017-04-20,42.56698226928711,Real
2017-04-21,42.71663665771485,Real
2017-04-24,43.07295989990234,Real
2017-04-25,43.68585586547852,Real
2017-04-26,44.3486213684082,Real
2017-04-27,44.7975959777832,Real
2017-04-28,43.82126235961914,Real
2017-05-01,41.70467376708984,Real
2017-05-02,40.74257278442383,Real
2017-05-03,40.12969970703125,Real
2017-05-04,40.379127502441406,Real
2017-05-05,40.35062026977539,Real
2017-05-08,38.91817855834961,Real
2017-05-09,38.86830520629883,Real
2017-05-10,38.93243789672852,Real
2017-05-11,38.72577667236328,Real
2017-05-12,38.711517333984375,Real
2017-05-15,38.96094131469727,Real
2017-05-16,38.76139450073242,Real
2017-05-17,39.05358505249024,Real
2017-05-18,39.18186950683594,Real
2017-05-19,39.08921813964844,Real
2017-05-22,39.08209228515625,Real
2017-05-23,39.74486541748047,Real
2017-05-24,39.44554138183594,Real
2017-05-25,39.79474639892578,Real
2017-05-26,39.66647720336914,Real
2017-05-30,39.3885383605957,Real
2017-05-31,39.90877914428711,Real
2017-06-01,40.41476440429688,Real
2017-06-02,40.49315643310547,Real
2017-06-05,40.17245101928711,Real
2017-06-06,38.24116516113281,Real
2017-06-07,39.01795196533203,Real
2017-06-08,39.18186950683594,Real
2017-06-09,39.75198745727539,Real
2017-06-12,39.887393951416016,Real
2017-06-13,39.925594329833984,Real
2017-06-14,40.048099517822266,Real
2017-06-15,40.36520385742188,Real
2017-06-16,40.5814094543457,Real
2017-06-19,40.19944763183594,Real
2017-06-20,39.88956069946289,Real
2017-06-21,39.34184265136719,Real
2017-06-22,39.39949417114258,Real
2017-06-23,39.421119689941406,Real
2017-06-26,39.522010803222656,Real
2017-06-27,38.98870468139648,Real
2017-06-28,39.4571533203125,Real
2017-06-29,39.4571533203125,Real
2017-06-30,38.91664123535156,Real
2017-07-03,39.47877502441406,Real
2017-07-05,39.2697868347168,Real
2017-07-06,38.62115859985352,Real
2017-07-07,39.132850646972656,Real
2017-07-10,38.64999008178711,Real
2017-07-11,38.55630493164063,Real
2017-07-12,38.48423385620117,Real
2017-07-13,38.383338928222656,Real
2017-07-14,38.32568740844727,Real
2017-07-17,38.51306915283203,Real
2017-07-18,38.55630493164063,Real
2017-07-19,38.887821197509766,Real
2017-07-20,38.55630493164063,Real
2017-07-21,38.82296371459961,Real
2017-07-24,39.49318313598633,Real
2017-07-25,40.610233306884766,Real
2017-07-26,39.53642654418945,Real
2017-07-27,39.896759033203125,Real
2017-07-28,40.36520385742188,Real
2017-07-31,43.16144561767578,Real
2017-08-01,42.68578720092773,Real
2017-08-02,42.76506042480469,Real
2017-08-03,42.42633438110352,Real
2017-08-04,42.82271957397461,Real
2017-08-07,42.80830764770508,Real
2017-08-08,42.29662322998047,Real
2017-08-09,42.35427474975586,Real
2017-08-10,41.98673248291016,Real
2017-08-11,41.87142181396485,Real
2017-08-14,42.52003860473633,Real
2017-08-15,42.37590408325195,Real
2017-08-16,42.36868667602539,Real
2017-08-17,41.94348907470703,Real
2017-08-18,41.79935836791992,Real
2017-08-21,41.72727966308594,Real
2017-08-22,41.893043518066406,Real
2017-08-23,41.77773284912109,Real
2017-08-24,41.453426361083984,Real
2017-08-25,41.97232437133789,Real
2017-08-28,41.19398498535156,Real
2017-08-29,41.40298843383789,Real
2017-08-30,41.09309387207031,Real
2017-08-31,41.41739654541016,Real
2017-09-01,41.316505432128906,Real
2017-09-05,40.17062377929688,Real
2017-09-06,40.75437927246094,Real
2017-09-07,39.4571533203125,Real
2017-09-08,41.15795516967773,Real
2017-09-11,41.77052307128906,Real
2017-09-12,42.05879974365234,Real
2017-09-13,41.52192687988281,Real
2017-09-14,41.54378890991211,Real
2017-09-15,41.3325309753418,Real
2017-09-18,41.25239944458008,Real
2017-09-19,41.317962646484375,Real
2017-09-20,41.41993713378906,Real
2017-09-21,41.01929473876953,Real
2017-09-22,41.32524490356445,Real
2017-09-25,41.3762321472168,Real
2017-09-26,41.46364974975586,Real
2017-09-27,41.42723846435547,Real
2017-09-28,41.34710311889648,Real
2017-09-29,41.29610824584961,Real
2017-10-02,41.58748626708984,Real
2017-10-03,41.49280548095703,Real
2017-10-04,41.2669677734375,Real
2017-10-05,41.164981842041016,Real
2017-10-06,41.02657318115234,Real
2017-10-09,40.92460250854492,Real
2017-10-10,40.91730880737305,Real
2017-10-11,40.85175323486328,Real
2017-10-12,40.67691421508789,Real
2017-10-13,40.60408020019531,Real
2017-10-16,41.048431396484375,Real
2017-10-17,40.7934799194336,Real
2017-10-18,41.11399459838867,Real
2017-10-19,41.15040969848633,Real
2017-10-20,41.05571746826172,Real
2017-10-23,40.63321304321289,Real
2017-10-24,40.67691421508789,Real
2017-10-25,40.7497673034668,Real
2017-10-26,40.92460250854492,Real
2017-10-27,40.82261276245117,Real
2017-10-30,42.81129455566406,Real
2017-10-31,40.771629333496094,Real
2017-11-01,40.82261276245117,Real
2017-11-02,40.837181091308594,Real
2017-11-03,40.40011978149414,Real
2017-11-06,40.538516998291016,Real
2017-11-07,40.509376525878906,Real
2017-11-08,40.40739059448242,Real
2017-11-09,40.51665878295898,Real
2017-11-10,40.51665878295898,Real
2017-11-13,40.34911346435547,Real
2017-11-14,40.23257064819336,Real
2017-11-15,40.06501007080078,Real
2017-11-16,40.03588485717773,Real
2017-11-17,39.90476608276367,Real
2017-11-20,40.09415817260742,Real
2017-11-21,40.08687973022461,Real
2017-11-22,39.94846725463867,Real
2017-11-24,39.94118118286133,Real
2017-11-27,39.97760009765625,Real
2017-11-28,40.06501007080078,Real
2017-11-29,39.8537712097168,Real
2017-11-30,39.97760009765625,Real
2017-12-01,39.7153549194336,Real
2017-12-04,39.82463073730469,Real
2017-12-05,39.7226448059082,Real
2017-12-06,39.59151458740234,Real
2017-12-07,39.48954391479492,Real
2017-12-08,39.03061676025391,Real
2017-12-11,38.84850311279297,Real
2017-12-12,39.05974197387695,Real
2017-12-13,38.78335571289063,Real
2017-12-14,38.23057556152344,Real
2017-12-15,38.680171966552734,Real
2017-12-18,38.89391708374024,Real
2017-12-19,38.724403381347656,Real
2017-12-20,38.54750442504883,Real
2017-12-21,38.82758712768555,Real
2017-12-22,38.91603088378906,Real
2017-12-26,39.10028839111328,Real
2017-12-27,39.151893615722656,Real
2017-12-28,39.35088348388672,Real
2017-12-29,39.38774871826172,Real
2018-01-02,38.38535690307617,Real
2018-01-03,38.20110321044922,Real
2018-01-04,38.45168685913086,Real
2018-01-05,38.42221450805664,Real
2018-01-08,38.289546966552734,Real
2018-01-09,38.20110321044922,Real
2018-01-10,38.92339324951172,Real
2018-01-11,39.02658462524414,Real
2018-01-12,39.57200241088867,Real
2018-01-16,37.81782913208008,Real
2018-01-17,38.63595581054688,Real
2018-01-18,37.98735046386719,Real
2018-01-19,38.30427551269531,Real
2018-01-22,38.57699966430664,Real
2018-01-23,37.69990539550781,Real
2018-01-24,37.30925750732422,Real
2018-01-25,37.63356399536133,Real
2018-01-26,37.56723785400391,Real
2018-01-29,37.02181243896485,Real
2018-01-30,36.476409912109375,Real
2018-01-31,36.078392028808594,Real
2018-02-01,36.58695983886719,Real
2018-02-02,36.10051727294922,Real
2018-02-05,31.626644134521484,Real
2018-02-06,31.398155212402344,Real
2018-02-07,31.69297981262207,Real
2018-02-08,31.18441390991211,Real
2018-02-09,31.781421661376957,Real
2018-02-12,31.965686798095703,Real
2018-02-13,31.656124114990234,Real
2018-02-14,32.78380584716797,Real
2018-02-15,33.38081359863281,Real
2018-02-16,33.6829948425293,Real
2018-02-20,33.41767120361328,Real
2018-02-21,33.08599853515625,Real
2018-02-22,32.70272445678711,Real
2018-02-23,33.18181610107422,Real
2018-02-26,33.60929107666016,Real
2018-02-27,33.91886138916016,Real
2018-02-28,33.6387825012207,Real
2018-03-01,33.226036071777344,Real
2018-03-02,33.506107330322266,Real
2018-03-05,33.84515380859375,Real
2018-03-06,34.058895111083984,Real
2018-03-07,34.19893264770508,Real
2018-03-08,34.272647857666016,Real
2018-03-09,34.51586151123047,Real
2018-03-12,34.57482147216797,Real
2018-03-13,34.530601501464844,Real
2018-03-14,34.86302947998047,Real
2018-03-15,35.47557830810547,Real
2018-03-16,35.916316986083984,Real
2018-03-19,35.28135681152344,Real
2018-03-20,35.5577392578125,Real
2018-03-21,35.80427169799805,Real
2018-03-22,34.041316986083984,Real
2018-03-23,33.436241149902344,Real
2018-03-26,33.60803985595703,Real
2018-03-27,33.070194244384766,Real
2018-03-28,33.8022575378418,Real
2018-03-29,34.26540756225586,Real
2018-04-02,33.227073669433594,Real
2018-04-03,33.6005744934082,Real
2018-04-04,34.101070404052734,Real
2018-04-05,34.62398147583008,Real
2018-04-06,34.340110778808594,Real
2018-04-09,34.54928207397461,Real
2018-04-10,34.96760559082031,Real
2018-04-11,35.303749084472656,Real
2018-04-12,35.89390182495117,Real
2018-04-13,35.9013671875,Real
2018-04-16,36.207645416259766,Real
2018-04-17,36.23006057739258,Real
2018-04-18,36.11053466796875,Real
2018-04-19,36.37945556640625,Real
2018-04-20,36.43175506591797,Real
2018-04-23,36.88742065429688,Real
2018-04-24,36.76791000366211,Real
2018-04-25,36.91730117797852,Real
2018-04-26,36.8948974609375,Real
2018-04-27,36.7380256652832,Real
2018-04-30,34.16083908081055,Real
2018-05-01,33.70515441894531,Real
2018-05-02,33.51093292236328,Real
2018-05-03,33.05525207519531,Real
2018-05-04,33.70515441894531,Real
2018-05-07,34.1757698059082,Real
2018-05-08,33.720088958740234,Real
2018-05-09,33.989017486572266,Real
2018-05-10,34.08613586425781,Real
2018-05-11,34.3326416015625,Real
2018-05-14,34.54928207397461,Real
2018-05-15,34.937721252441406,Real
2018-05-16,35.25893020629883,Real
2018-05-17,35.46811294555664,Real
2018-05-18,35.408348083496094,Real
2018-05-21,35.938716888427734,Real
2018-05-22,36.13294219970703,Real
2018-05-23,36.08065032958984,Real
2018-05-24,35.98354721069336,Real
2018-05-25,35.96112823486328,Real
2018-05-29,35.41581344604492,Real
2018-05-30,35.871490478515625,Real
2018-05-31,35.19171142578125,Real
2018-06-01,35.24399948120117,Real
2018-06-04,35.505455017089844,Real
2018-06-05,35.6324462890625,Real
2018-06-06,35.7818489074707,Real
2018-06-07,36.06570816040039,Real
2018-06-08,36.34957504272461,Real
2018-06-11,35.98354721069336,Real
2018-06-12,36.04329681396485,Real
2018-06-13,35.85787582397461,Real
2018-06-14,35.842735290527344,Real
2018-06-15,35.880592346191406,Real
2018-06-18,35.691383361816406,Real
2018-06-19,36.22116088867188,Real
2018-06-20,35.767059326171875,Real
2018-06-21,35.38865280151367,Real
2018-06-22,35.71408462524414,Real
2018-06-25,35.3583869934082,Real
2018-06-26,34.768070220947266,Real
2018-06-27,33.72366714477539,Real
2018-06-28,34.25342559814453,Real
2018-06-29,34.480472564697266,Real
2018-07-02,33.647979736328125,Real
2018-07-03,33.55716323852539,Real
2018-07-05,33.26200866699219,Real
2018-07-06,33.103084564208984,Real
2018-07-09,33.875022888183594,Real
2018-07-10,33.806915283203125,Real
2018-07-11,33.73881149291992,Real
2018-07-12,33.17119216918945,Real
2018-07-13,33.20146179199219,Real
2018-07-16,33.41336441040039,Real
2018-07-17,33.48149490356445,Real
2018-07-18,33.60257339477539,Real
2018-07-19,34.05665969848633,Real
2018-07-20,34.1853141784668,Real
2018-07-23,34.26100540161133,Real
2018-07-24,33.91286849975586,Real
2018-07-25,33.314979553222656,Real
2018-07-26,34.23072814941406,Real
2018-07-27,34.26100540161133,Real
2018-07-30,37.15960311889648,Real
2018-07-31,38.922977447509766,Real
2018-08-01,39.4603157043457,Real
2018-08-02,39.3013916015625,Real
2018-08-03,39.55113220214844,Real
2018-08-06,39.7025032043457,Real
2018-08-07,39.58898162841797,Real
2018-08-08,39.543575286865234,Real
2018-08-09,39.90684509277344,Real
2018-08-10,39.6268196105957,Real
2018-08-13,39.39977645874024,Real
2018-08-14,39.71763610839844,Real
2018-08-15,39.7630500793457,Real
2018-08-16,40.03549575805664,Real
2018-08-17,39.967376708984375,Real
2018-08-20,40.149017333984375,Real
2018-08-21,40.459320068359375,Real
2018-08-22,39.93711853027344,Real
2018-08-23,39.6268196105957,Real
2018-08-24,39.86900329589844,Real
2018-08-27,39.710079193115234,Real
2018-08-28,39.58140182495117,Real
2018-08-29,41.06477355957031,Real
2018-08-30,40.86042785644531,Real
2018-08-31,40.79230880737305,Real
2018-09-04,41.00422668457031,Real
2018-09-05,40.65609359741211,Real
2018-09-06,40.51986312866211,Real
2018-09-07,40.444183349609375,Real
2018-09-10,40.088470458984375,Real
2018-09-11,40.360931396484375,Real
2018-09-12,40.37241744995117,Real
2018-09-13,40.5715217590332,Real
2018-09-14,39.72148895263672,Real
2018-09-17,38.56515121459961,Real
2018-09-18,38.24352264404297,Real
2018-09-19,38.57280731201172,Real
2018-09-20,38.3813705444336,Real
2018-09-21,38.70299530029297,Real
2018-09-24,38.64173889160156,Real
2018-09-25,38.62641906738281,Real
2018-09-26,38.3890266418457,Real
2018-09-27,38.15162658691406,Real
2018-09-28,38.41200256347656,Real
2018-10-01,37.7763900756836,Real
2018-10-02,37.76107025146485,Real
2018-10-03,38.43497085571289,Real
2018-10-04,38.20523834228516,Real
2018-10-05,38.12099838256836,Real
2018-10-08,38.33541870117188,Real
2018-10-09,38.58046722412109,Real
2018-10-10,38.25118255615234,Real
2018-10-11,37.55430603027344,Real
2018-10-12,37.53133392333984,Real
2018-10-15,37.8070182800293,Real
2018-10-16,38.28181838989258,Real
2018-10-17,38.61110305786133,Real
2018-10-18,38.59578323364258,Real
2018-10-19,38.61110305786133,Real
2018-10-22,38.37370300292969,Real
2018-10-23,38.21289443969727,Real
2018-10-24,37.65385818481445,Real
2018-10-25,38.12865447998047,Real
2018-10-26,38.77191925048828,Real
2018-10-29,44.798675537109375,Real
2018-10-30,46.88161849975586,Real
2018-10-31,45.4189682006836,Real
2018-11-01,45.90141677856445,Real
2018-11-02,45.978004455566406,Real
2018-11-05,46.48341751098633,Real
2018-11-06,46.82801818847656,Real
2018-11-07,46.84333801269531,Real
2018-11-08,46.99649429321289,Real
2018-11-09,46.63656997680664,Real
2018-11-12,45.92439270019531,Real
2018-11-13,45.41131591796875,Real
2018-11-14,45.05905151367188,Real
2018-11-15,45.18157577514648,Real
2018-11-16,45.12797164916992,Real
2018-11-19,44.22433090209961,Real
2018-11-20,43.73423385620117,Real
2018-11-21,43.09861755371094,Real
2018-11-23,43.083309173583984,Real
2018-11-26,43.65766143798828,Real
2018-11-27,41.68191146850586,Real
2018-11-28,42.2945442199707,Real
2018-11-29,42.7234001159668,Real
2018-11-30,43.38197326660156,Real
2018-12-03,44.30857467651367,Real
2018-12-04,44.23199462890625,Real
2018-12-06,44.30857467651367,Real
2018-12-07,44.59957504272461,Real
2018-12-10,43.44323348999024,Real
2018-12-11,42.87654113769531,Real
2018-12-12,42.480018615722656,Real
2018-12-13,42.2166862487793,Real
2018-12-14,41.89141845703125,Real
2018-12-17,41.2718391418457,Real
2018-12-18,40.00944137573242,Real
2018-12-19,40.83038330078125,Real
2018-12-20,40.086875915527344,Real
2018-12-21,39.42857360839844,Real
2018-12-24,37.7789421081543,Real
2018-12-26,39.28142929077149,Real
2018-12-27,39.2039794921875,Real
2018-12-28,39.43632888793945,Real
2018-12-31,40.048152923583984,Real
2019-01-02,39.27368927001953,Real
2019-01-03,38.537933349609375,Real
2019-01-04,39.2039794921875,Real
2019-01-07,39.14202499389648,Real
2019-01-08,39.42857360839844,Real
2019-01-09,39.70738220214844,Real
2019-01-10,40.13336181640625,Real
2019-01-11,39.87003707885742,Real
2019-01-14,40.2805061340332,Real
2019-01-15,40.52833557128906,Real
2019-01-16,41.11693572998047,Real
2019-01-17,41.42673873901367,Real
2019-01-18,41.992095947265625,Real
2019-01-22,41.7287712097168,Real
2019-01-23,41.5506477355957,Real
2019-01-24,41.00850677490234,Real
2019-01-25,39.85453796386719,Real
2019-01-28,40.15658950805664,Real
2019-01-29,39.5679817199707,Real
2019-01-30,39.03359603881836,Real
2019-01-31,40.04042053222656,Real
2019-02-01,40.65225601196289,Real
2019-02-04,40.63676452636719,Real
2019-02-05,40.76068115234375,Real
2019-02-06,41.03174209594727,Real
2019-02-07,41.318302154541016,Real
2019-02-08,41.36477279663086,Real
2019-02-11,38.46823120117188,Real
2019-02-12,39.413082122802734,Real
2019-02-13,42.123756408691406,Real
2019-02-14,40.79940414428711,Real
2019-02-15,41.63583755493164,Real
2019-02-19,41.85269165039063,Real
2019-02-20,41.97660827636719,Real
2019-02-21,41.32604217529297,Real
2019-02-22,41.7597541809082,Real
2019-02-25,41.465450286865234,Real
2019-02-26,41.05497360229492,Real
2019-02-27,40.95429611206055,Real
2019-02-28,41.02399444580078,Real
2019-03-01,41.43447494506836,Real
2019-03-04,40.838134765625,Real
2019-03-05,40.683231353759766,Real
2019-03-06,39.831302642822266,Real
2019-03-07,39.61445617675781,Real
2019-03-08,39.451805114746094,Real
2019-03-11,39.59896087646485,Real
2019-03-12,39.62220001220703,Real
2019-03-13,39.50301742553711,Real
2019-03-14,39.800968170166016,Real
2019-03-15,39.74607849121094,Real
2019-03-18,40.31063079833984,Real
2019-03-19,39.84018325805664,Real
2019-03-20,39.59710693359375,Real
2019-03-21,39.9891471862793,Real
2019-03-22,39.04824066162109,Real
2019-03-25,39.110965728759766,Real
2019-03-26,39.12664413452149,Real
2019-03-27,39.65198516845703,Real
2019-03-28,39.46381759643555,Real
2019-03-29,39.259952545166016,Real
2019-04-01,39.49517822265625,Real
2019-04-02,39.20505142211914,Real
2019-04-03,39.22858047485352,Real
2019-04-04,39.57358551025391,Real
2019-04-05,40.13029861450195,Real
2019-04-08,39.43244934082031,Real
2019-04-09,38.8130111694336,Real
2019-04-10,39.38539505004883,Real
2019-04-11,39.38539505004883,Real
2019-04-12,39.61279296875,Real
2019-04-15,39.5108528137207,Real
2019-04-16,40.32631301879883,Real
2019-04-17,40.185184478759766,Real
2019-04-18,40.06757354736328,Real
2019-04-22,39.581424713134766,Real
2019-04-23,40.30280303955078,Real
2019-04-24,40.38120269775391,Real
2019-04-25,40.8595085144043,Real
2019-04-26,41.64360809326172,Real
2019-04-29,41.5573616027832,Real
2019-04-30,42.16895294189453,Real
2019-05-01,42.99225616455078,Real
2019-05-02,43.45488357543945,Real
2019-05-03,44.16057586669922,Real
2019-05-06,43.48625564575195,Real
2019-05-07,43.75284957885742,Real
2019-05-08,43.83125686645508,Real
2019-05-09,43.760684967041016,Real
2019-05-10,44.168418884277344,Real
2019-05-13,43.32158660888672,Real
2019-05-14,43.6117057800293,Real
2019-05-15,43.886138916015625,Real
2019-05-16,43.909664154052734,Real
2019-05-17,43.64307022094727,Real
2019-05-20,43.72148513793945,Real
2019-05-21,44.56046295166016,Real
2019-05-22,44.59967422485352,Real
2019-05-23,44.05080032348633,Real
2019-05-24,44.70160675048828,Real
2019-05-28,43.72931289672852,Real
2019-05-29,44.69376754760742,Real
2019-05-30,45.21911239624024,Real
2019-05-31,45.20343017578125,Real
2019-06-03,46.03458023071289,Real
2019-06-04,46.84220504760742,Real
2019-06-05,47.17152404785156,Real
2019-06-06,46.740264892578125,Real
2019-06-07,47.077430725097656,Real
2019-06-10,46.92061233520508,Real
2019-06-11,47.32050323486328,Real
2019-06-12,47.40607833862305,Real
2019-06-13,47.8973274230957,Real
2019-06-14,48.10334014892578,Real
2019-06-17,47.61208724975586,Real
2019-06-18,48.3331184387207,Real
2019-06-19,47.992408752441406,Real
2019-06-20,48.63421249389648,Real
2019-06-21,47.913177490234375,Real
2019-06-24,47.93694305419922,Real
2019-06-25,48.64213943481445,Real
2019-06-26,48.10334014892578,Real
2019-06-27,48.57875061035156,Real
2019-06-28,49.52164840698242,Real
2019-07-01,50.17928695678711,Real
2019-07-02,50.10005187988281,Real
2019-07-03,50.67846298217773,Real
2019-07-05,51.35195541381836,Real
2019-07-08,50.69432067871094,Real
2019-07-09,50.68637847900391,Real
2019-07-10,50.4883041381836,Real
2019-07-11,50.59130859375,Real
2019-07-12,50.96371078491211,Real
2019-07-15,50.80524444580078,Real
2019-07-16,50.69432067871094,Real
2019-07-17,50.258522033691406,Real
2019-07-18,50.37737274169922,Real
2019-07-19,50.02082061767578,Real
2019-07-22,49.6167221069336,Real
2019-07-23,49.5533332824707,Real
2019-07-24,49.50579071044922,Real
2019-07-25,49.16508102416992,Real
2019-07-26,49.24432373046875,Real
2019-07-29,46.217559814453125,Real
2019-07-30,45.409366607666016,Real
2019-07-31,44.93395614624024,Real
2019-08-01,44.648719787597656,Real
2019-08-02,44.52193069458008,Real
2019-08-05,42.96893310546875,Real
2019-08-06,43.29380798339844,Real
2019-08-07,43.365116119384766,Real
2019-08-08,44.05445861816406,Real
2019-08-09,43.39680862426758,Real
2019-08-12,42.9293212890625,Real
2019-08-13,43.17495727539063,Real
2019-08-14,41.6298713684082,Real
2019-08-15,41.92304611206055,Real
2019-08-16,42.03396987915039,Real
2019-08-19,42.17659759521485,Real
2019-08-20,41.52687072753906,Real
2019-08-21,41.67742156982422,Real
2019-08-22,41.80418014526367,Real
2019-08-23,40.8296012878418,Real
2019-08-26,41.17823791503906,Real
2019-08-27,41.24161911010742,Real
2019-08-28,41.582332611083984,Real
2019-08-29,42.160736083984375,Real
2019-08-30,42.39052581787109,Real
2019-09-03,42.74707794189453,Real
2019-09-04,43.27794647216797,Real
2019-09-05,44.01483154296875,Real
2019-09-06,44.5774040222168,Real
2019-09-09,43.69789505004883,Real
2019-09-10,43.78505325317383,Real
2019-09-11,44.14411163330078,Real
2019-09-12,43.71933364868164,Real
2019-09-13,43.999847412109375,Real
2019-09-16,44.20021438598633,Real
2019-09-17,44.5528564453125,Real
2019-09-18,44.63299179077149,Real
2019-09-19,44.05594253540039,Real
2019-09-20,44.43263244628906,Real
2019-09-23,44.288368225097656,Real
2019-09-24,44.20821762084961,Real
2019-09-25,44.46468353271485,Real
2019-09-26,44.488731384277344,Real
2019-09-27,44.488731384277344,Real
2019-09-30,44.78526306152344,Real
2019-10-01,43.88764572143555,Real
2019-10-02,42.80568313598633,Real
2019-10-03,43.03810119628906,Real
2019-10-04,43.358680725097656,Real
2019-10-07,43.1583137512207,Real
2019-10-08,42.99802780151367,Real
2019-10-09,42.89384460449219,Real
2019-10-10,43.04611587524414,Real
2019-10-11,43.37471008300781,Real
2019-10-14,43.49492645263672,Real
2019-10-15,43.783451080322266,Real
2019-10-16,43.27853012084961,Real
2019-10-17,43.60713195800781,Real
2019-10-18,43.59109878540039,Real
2019-10-21,44.104034423828125,Real
2019-10-22,43.06214141845703,Real
2019-10-23,43.49492645263672,Real
2019-10-24,42.75758743286133,Real
2019-10-25,42.6453857421875,Real
2019-10-28,37.91680908203125,Real
2019-10-29,38.25341033935547,Real
2019-10-30,38.05306243896485,Real
2019-10-31,38.51789855957031,Real
2019-11-01,38.87054061889648,Real
2019-11-04,37.90077590942383,Real
2019-11-05,38.88656234741211,Real
2019-11-06,39.42354202270508,Real
2019-11-07,39.32735824584961,Real
2019-11-08,39.26324844360352,Real
2019-11-11,39.09493637084961,Real
2019-11-12,39.23118209838867,Real
2019-11-13,39.44758224487305,Real
2019-11-14,39.207149505615234,Real
2019-11-15,39.48765563964844,Real
2019-11-18,39.535743713378906,Real
2019-11-19,39.44758224487305,Real
2019-11-20,39.00678634643555,Real
2019-11-21,38.670169830322266,Real
2019-11-22,38.75032043457031,Real
2019-11-25,38.87054061889648,Real
2019-11-26,39.12700653076172,Real
2019-11-27,39.5517807006836,Real
2019-11-29,39.25523376464844,Real
2019-12-02,39.21516418457031,Real
2019-12-03,38.9747314453125,Real
2019-12-04,39.34339904785156,Real
2019-12-05,39.31134033203125,Real
2019-12-06,39.63192367553711,Real
2019-12-09,40.2089729309082,Real
2019-12-10,39.80823516845703,Real
2019-12-11,39.39424133300781,Real
2019-12-12,39.93811798095703,Real
2019-12-13,39.52412033081055,Real
2019-12-16,39.5322380065918,Real
2019-12-17,39.78388977050781,Real
2019-12-18,39.556602478027344,Real
2019-12-19,39.68648147583008,Real
2019-12-20,39.4672966003418,Real
2019-12-23,38.98025131225586,Real
2019-12-24,38.890960693359375,Real
2019-12-26,38.99649429321289,Real
2019-12-27,39.43482971191406,Real
2019-12-30,39.50790023803711,Real
2019-12-31,39.556602478027344,Real
2020-01-02,39.62153625488281,Real
2020-01-03,39.63776779174805,Real
2020-01-06,39.6296501159668,Real
2020-01-07,38.72049331665039,Real
2020-01-08,38.67990493774414,Real
2020-01-09,38.95589828491211,Real
2020-01-10,38.41202926635742,Real
2020-01-13,38.38767623901367,Real
2020-01-14,39.04518508911133,Real
2020-01-15,39.24812698364258,Real
2020-01-16,39.36988830566406,Real
2020-01-17,38.88283920288086,Real
2020-01-21,38.74484252929688,Real
2020-01-22,38.92342376708984,Real
2020-01-23,39.02896499633789,Real
2020-01-24,39.44295120239258,Real
2020-01-27,39.28871536254883,Real
2020-01-28,39.63776779174805,Real
2020-01-29,39.75953674316406,Real
2020-01-30,40.295291900634766,Real
2020-01-31,39.84882736206055,Real
2020-02-03,40.108585357666016,Real
2020-02-04,39.99493789672852,Real
2020-02-05,40.59563827514648,Real
2020-02-06,39.84882736206055,Real
2020-02-07,39.7432975769043,Real
2020-02-10,43.59099960327149,Real
2020-02-11,41.96749114990234,Real
2020-02-12,41.480445861816406,Real
2020-02-13,41.545387268066406,Real
2020-02-14,42.04866027832031,Real
2020-02-18,41.92691040039063,Real
2020-02-19,41.723968505859375,Real
2020-02-20,41.59408950805664,Real
2020-02-21,40.95281219482422,Real
2020-02-24,40.14917755126953,Real
2020-02-25,39.27248001098633,Real
2020-02-26,38.80978775024414,Real
2020-02-27,37.3486328125,Real
2020-02-28,35.15690612792969,Real
2020-03-02,36.93464660644531,Real
2020-03-03,35.73324966430664,Real
2020-03-04,36.7966423034668,Real
2020-03-05,35.790069580078125,Real
2020-03-06,35.968658447265625,Real
2020-03-09,32.88400650024414,Real
2020-03-10,33.76069641113281,Real
2020-03-11,31.69073486328125,Real
2020-03-12,29.34477806091309,Real
2020-03-13,32.74600601196289,Real
2020-03-16,28.820777893066406,Real
2020-03-17,31.33589553833008,Real
2020-03-18,30.11543846130371,Real
2020-03-19,28.79603385925293,Real
2020-03-20,29.274324417114254,Real
2020-03-23,28.293014526367188,Real
2020-03-24,31.37712287902832,Real
2020-03-25,30.692684173583984,Real
2020-03-26,31.68223190307617,Real
2020-03-27,31.748214721679688,Real
2020-03-30,33.2902717590332,Real
2020-03-31,33.57887649536133,Real
2020-04-01,31.203947067260746,Real
2020-04-02,32.80372619628906,Real
2020-04-03,31.121492385864254,Real
2020-04-06,32.22650146484375,Real
2020-04-07,31.69873046875,Real
2020-04-08,34.05716323852539,Real
2020-04-09,34.1726188659668,Real
2020-04-13,34.205604553222656,Real
2020-04-14,33.925228118896484,Real
2020-04-15,33.1005973815918,Real
2020-04-16,33.30675506591797,Real
2020-04-17,34.07366943359375,Real
2020-04-20,33.48817443847656,Real
2020-04-21,33.17481994628906,Real
2020-04-22,33.496421813964844,Real
2020-04-23,33.133583068847656,Real
2020-04-24,33.45519256591797,Real
2020-04-27,33.801536560058594,Real
2020-04-28,34.288063049316406,Real
2020-04-29,34.63441467285156,Real
2020-04-30,33.776798248291016,Real
2020-05-01,32.72126770019531,Real
2020-05-04,32.5481071472168,Real
2020-05-05,30.626712799072266,Real
2020-05-06,28.16106986999512,Real
2020-05-07,29.29905891418457,Real
2020-05-08,29.53820037841797,Real
2020-05-11,29.78559684753418,Real
2020-05-12,30.47827911376953,Real
2020-05-13,29.859813690185547,Real
2020-05-14,30.643205642700195,Real
2020-05-15,31.311153411865234,Real
2020-05-18,32.83671188354492,Real
2020-05-19,31.863656997680664,Real
2020-05-20,32.02859115600586,Real
2020-05-21,32.36668014526367,Real
2020-05-22,32.35843276977539,Real
2020-05-26,33.47992706298828,Real
2020-05-27,34.27157974243164,Real
2020-05-28,33.52941131591797,Real
2020-05-29,33.17481994628906,Real
2020-06-01,33.48817443847656,Real
2020-06-02,34.007694244384766,Real
2020-06-03,35.08795547485352,Real
2020-06-04,35.26937484741211,Real
2020-06-05,36.99284744262695,Real
2020-06-08,37.71026611328125,Real
2020-06-09,36.54754638671875,Real
2020-06-10,34.88287734985352,Real
2020-06-11,33.14291000366211,Real
2020-06-12,33.98780059814453,Real
2020-06-15,34.92469787597656,Real
2020-06-16,35.24257278442383,Real
2020-06-17,34.70720672607422,Real
2020-06-18,35.07527542114258,Real
2020-06-19,34.92469787597656,Real
2020-06-22,33.971065521240234,Real
2020-06-23,34.21366500854492,Real
2020-06-24,33.43569564819336,Real
2020-06-25,34.08818054199219,Real
2020-06-26,33.34367752075195,Real
2020-06-29,33.285118103027344,Real
2020-06-30,34.08818054199219,Real
2020-07-01,33.41896438598633,Real
2020-07-02,33.360408782958984,Real
2020-07-06,34.288944244384766,Real
2020-07-07,33.07599258422852,Real
2020-07-08,33.73684310913086,Real
2020-07-09,32.65773391723633,Real
2020-07-10,33.577911376953125,Real
2020-07-13,33.32694625854492,Real
2020-07-14,33.67828750610352,Real
2020-07-15,33.95433807373047,Real
2020-07-16,34.30567169189453,Real
2020-07-17,34.2554817199707,Real
2020-07-20,33.86231994628906,Real
2020-07-21,34.364234924316406,Real
2020-07-22,34.59009552001953,Real
2020-07-23,34.8577766418457,Real
2020-07-24,34.8577766418457,Real
2020-07-27,34.6068229675293,Real
2020-07-28,34.7657585144043,Real
2020-07-29,35.418243408203125,Real
2020-07-30,34.966522216796875,Real
2020-07-31,35.89506530761719,Real
2020-08-03,36.079097747802734,Real
2020-08-04,35.91178894042969,Real
2020-08-05,37.01599884033203,Real
2020-08-06,37.18330001831055,Real
2020-08-07,38.13693237304688,Real
2020-08-10,38.63048553466797,Real
2020-08-11,38.07001495361328,Real
2020-08-12,38.111846923828125,Real
2020-08-13,38.05327987670898,Real
2020-08-14,38.07001495361328,Real
2020-08-17,37.49281311035156,Real
2020-08-18,37.82741928100586,Real
2020-08-19,37.93616485595703,Real
2020-08-20,37.41752243041992,Real
2020-08-21,37.26696014404297,Real
2020-08-24,37.760498046875,Real
2020-08-25,37.8859748840332,Real
2020-08-26,37.66011047363281,Real
2020-08-27,37.87760925292969,Real
2020-08-28,37.63502502441406,Real
2020-08-31,37.41752243041992,Real
2020-09-01,37.60156631469727,Real
2020-09-02,38.170406341552734,Real
2020-09-03,37.55137252807617,Real
2020-09-04,37.61829376220703,Real
2020-09-08,37.05781555175781,Real
2020-09-09,37.4259033203125,Real
2020-09-10,36.90725326538086,Real
2020-09-11,36.83196258544922,Real
2020-09-14,36.97623062133789,Real
2020-09-15,36.07665252685547,Real
2020-09-16,36.56039810180664,Real
2020-09-17,37.018672943115234,Real
2020-09-18,36.91682815551758,Real
2020-09-21,36.26336288452149,Real
2020-09-22,36.02574157714844,Real
2020-09-23,34.98188400268555,Real
2020-09-24,34.94792938232422,Real
2020-09-25,34.964900970458984,Real
2020-09-28,35.55048751831055,Real
2020-09-29,35.10918045043945,Real
2020-09-30,35.10918045043945,Real
2020-10-01,34.99037170410156,Real
2020-10-02,35.066741943359375,Real
2020-10-05,35.31285858154297,Real
2020-10-06,34.94792938232422,Real
2020-10-07,34.64241409301758,Real
2020-10-08,34.62544250488281,Real
2020-10-09,34.62544250488281,Real
2020-10-12,35.31285858154297,Real
2020-10-13,34.71031188964844,Real
2020-10-14,34.5830078125,Real
2020-10-15,34.93944549560547,Real
2020-10-16,35.10069274902344,Real
2020-10-19,34.26052474975586,Real
2020-10-20,34.31142807006836,Real
2020-10-21,34.64241409301758,Real
2020-10-22,35.28739547729492,Real
2020-10-23,35.33831787109375,Real
2020-10-26,34.829124450683594,Real
2020-10-27,34.07381820678711,Real
2020-10-28,34.07381820678711,Real
2020-10-29,34.15867614746094,Real
2020-10-30,34.5490608215332,Real
2020-11-02,34.964900970458984,Real
2020-11-03,34.9564208984375,Real
2020-11-04,34.85457992553711,Real
2020-11-05,35.1515998840332,Real
2020-11-06,35.397727966308594,Real
2020-11-09,36.22941589355469,Real
2020-11-10,37.171424865722656,Real
2020-11-11,37.06110382080078,Real
2020-11-12,37.349647521972656,Real
2020-11-13,38.14739227294922,Real
2020-11-16,39.36946868896485,Real
2020-11-17,38.60566711425781,Real
2020-11-18,38.215293884277344,Real
2020-11-19,38.34257888793945,Real
2020-11-20,38.43593597412109,Real
2020-11-23,38.55474853515625,Real
2020-11-24,39.59861373901367,Real
2020-11-25,39.22520065307617,Real
2020-11-27,39.04697036743164,Real
2020-11-30,37.740047454833984,Real
2020-12-01,38.19831085205078,Real
2020-12-02,38.12193298339844,Real
2020-12-03,38.3001594543457,Real
2020-12-04,38.69902038574219,Real
2020-12-07,38.11344146728516,Real
2020-12-08,38.38502502441406,Real
2020-12-09,39.02999877929688,Real
2020-12-10,39.48828506469727,Real
2020-12-11,39.69195938110352,Real
2020-12-14,42.82353210449219,Real
2020-12-15,44.14105987548828,Real
2020-12-16,44.35591506958008,Real
2020-12-17,44.02933120727539,Real
2020-12-18,43.9176025390625,Real
2020-12-21,44.36450958251953,Real
2020-12-22,44.1926155090332,Real
2020-12-23,44.15823745727539,Real
2020-12-24,44.51061630249024,Real
2020-12-28,44.48482894897461,Real
2020-12-29,44.20980072021485,Real
2020-12-30,44.41607666015625,Real
2020-12-31,44.87158203125,Real
2021-01-04,43.9605712890625,Real
2021-01-05,44.24419403076172,Real
2021-01-06,46.34122848510742,Real
2021-01-07,45.438812255859375,Real
2021-01-08,44.92314910888672,Real
2021-01-11,44.92314910888672,Real
2021-01-12,45.52476119995117,Real
2021-01-13,45.19816970825195,Real
2021-01-14,44.70828628540039,Real
2021-01-15,45.31848907470703,Real
2021-01-19,46.023231506347656,Real
2021-01-20,46.62483978271485,Real
2021-01-21,45.920108795166016,Real
2021-01-22,45.87713623046875,Real
2021-01-25,45.33568572998047,Real
2021-01-26,45.49037551879883,Real
2021-01-27,46.12636566162109,Real
2021-01-28,46.96002960205078,Real
2021-01-29,45.55913925170898,Real
2021-02-01,45.37005615234375,Real
2021-02-02,45.73102569580078,Real
2021-02-03,45.71383285522461,Real
2021-02-04,46.22949981689453,Real
2021-02-05,46.53890609741211,Real
2021-02-08,46.736572265625,Real
2021-02-09,47.57023239135742,Real
2021-02-10,47.905418395996094,Real
2021-02-11,48.55859375,Real
2021-02-12,48.10308837890625,Real
2021-02-16,47.140506744384766,Real
2021-02-17,48.85939407348633,Real
2021-02-18,48.70469284057617,Real
2021-02-19,49.46100616455078,Real
2021-02-22,51.00800704956055,Real
2021-02-23,51.43772888183594,Real
2021-02-24,51.85886001586914,Real
2021-02-25,50.90488052368164,Real
2021-02-26,50.19154357910156,Real
2021-03-01,51.36898040771485,Real
2021-03-02,51.57524108886719,Real
2021-03-03,52.14247512817383,Real
2021-03-04,51.91902160644531,Real
2021-03-05,53.90434265136719,Real
2021-03-08,55.116153717041016,Real
2021-03-09,55.6146354675293,Real
2021-03-10,56.49126815795898,Real
2021-03-11,55.7005729675293,Real
2021-03-12,54.5145378112793,Real
2021-03-15,53.1995964050293,Real
2021-03-16,51.99522399902344,Real
2021-03-17,53.13273239135742,Real
2021-03-18,53.28034973144531,Real
2021-03-19,52.5943717956543,Real
2021-03-22,52.247047424316406,Real
2021-03-23,52.09943008422852,Real
2021-03-24,52.26441192626953,Real
2021-03-25,52.68989181518555,Real
2021-03-26,53.41928863525391,Real
2021-03-29,52.715938568115234,Real
2021-03-30,53.31507873535156,Real
2021-03-31,52.802764892578125,Real
2021-04-01,53.46269607543945,Real
2021-04-05,53.48006820678711,Real
2021-04-06,54.01841735839844,Real
2021-04-07,54.64361953735352,Real
2021-04-08,55.16460800170898,Real
2021-04-09,55.39906311035156,Real
2021-04-12,55.47720718383789,Real
2021-04-13,55.58140563964844,Real
2021-04-14,56.50183868408203,Real
2021-04-15,56.54524993896485,Real
2021-04-16,57.430938720703125,Real
2021-04-19,57.231224060058594,Real
2021-04-20,56.849151611328125,Real
2021-04-21,56.72759628295898,Real
2021-04-22,55.52930068969727,Real
2021-04-23,55.67691802978516,Real
2021-04-26,54.76518630981445,Real
2021-04-27,54.49599838256836,Real
2021-04-28,54.24419784545898,Real
2021-04-29,54.86938095092773,Real
2021-04-30,54.07051849365234,Real
2021-05-03,55.21671295166016,Real
2021-05-04,56.12845993041992,Real
2021-05-05,57.29200744628906,Real
2021-05-06,58.933143615722656,Real
2021-05-07,57.89115905761719,Real
2021-05-10,57.59592056274414,Real
2021-05-11,57.38751220703125,Real
2021-05-12,56.484474182128906,Real
2021-05-13,58.03007888793945,Real
2021-05-14,58.51633834838867,Real
2021-05-17,57.98666000366211,Real
2021-05-18,57.60459518432617,Real
2021-05-19,56.744964599609375,Real
2021-05-20,57.05755233764648,Real
2021-05-21,56.441043853759766,Real
2021-05-24,55.972145080566406,Real
2021-05-25,54.81727600097656,Real
2021-05-26,54.71308517456055,Real
2021-05-27,55.11251449584961,Real
2021-05-28,55.22538757324219,Real
2021-06-01,54.921478271484375,Real
2021-06-02,54.04447937011719,Real
2021-06-03,53.9663314819336,Real
2021-06-04,53.584259033203125,Real
2021-06-07,51.83893585205078,Real
2021-06-08,52.01259613037109,Real
2021-06-09,52.142845153808594,Real
2021-06-10,52.16889572143555,Real
2021-06-11,52.67252349853516,Real
2021-06-14,52.33388137817383,Real
2021-06-15,52.64365768432617,Real
2021-06-16,52.29262924194336,Real
2021-06-17,50.79203796386719,Real
2021-06-18,51.16938018798828,Real
2021-06-21,52.9332389831543,Real
2021-06-22,53.5562858581543,Real
2021-06-23,53.99506378173828,Real
2021-06-24,54.62688827514648,Real
2021-06-25,55.49565505981445,Real
2021-06-28,55.469329833984375,Real
2021-06-29,56.23279571533203,Real
2021-06-30,56.99624252319336,Real
2021-07-01,57.6544075012207,Real
2021-07-02,57.69827651977539,Real
2021-07-06,56.785640716552734,Real
2021-07-07,55.83789443969727,Real
2021-07-08,54.495262145996094,Real
2021-07-09,55.346473693847656,Real
2021-07-12,56.24156188964844,Real
2021-07-13,56.01340866088867,Real
2021-07-14,55.723819732666016,Real
2021-07-15,54.42506408691406,Real
2021-07-16,54.117919921875,Real
2021-07-19,52.60854721069336,Real
2021-07-20,53.67914581298828,Real
2021-07-21,53.80200958251953,Real
2021-07-22,53.047325134277344,Real
2021-07-23,53.92486190795898,Real
2021-07-26,53.819557189941406,Real
2021-07-27,53.81077575683594,Real
2021-07-28,53.29302978515625,Real
2021-07-29,53.69669723510742,Real
2021-07-30,53.38078689575195,Real
2021-08-02,53.2403678894043,Real
2021-08-03,53.30179977416992,Real
2021-08-04,51.59060287475586,Real
2021-08-05,51.89773941040039,Real
2021-08-06,52.28385543823242,Real
2021-08-09,52.75772476196289,Real
2021-08-10,52.42426300048828,Real
2021-08-11,52.91569137573242,Real
2021-08-12,52.4681396484375,Real
2021-08-13,51.69590759277344,Real
2021-08-16,52.05569839477539,Real
2021-08-17,52.57344818115234,Real
2021-08-18,51.80998611450195,Real
2021-08-19,51.11673355102539,Real
2021-08-20,51.39753723144531,Real
2021-08-23,51.774879455566406,Real
2021-08-24,52.02936935424805,Real
2021-08-25,51.75732803344727,Real
2021-08-26,51.32734298706055,Real
2021-08-27,52.16977691650391,Real
2021-08-30,52.64365768432617,Real
2021-08-31,52.3979377746582,Real
2021-09-01,51.94161224365234,Real
2021-09-02,51.16060256958008,Real
2021-09-03,51.81875991821289,Real
2021-09-07,50.87101745605469,Real
2021-09-08,51.151832580566406,Real
2021-09-09,51.30978775024414,Real
2021-09-10,50.87101745605469,Real
2021-09-13,51.03775405883789,Real
2021-09-14,50.95000076293945,Real
2021-09-15,50.93490982055664,Real
2021-09-16,50.87281036376953,Real
2021-09-17,50.64213180541992,Real
2021-09-20,50.23401641845703,Real
2021-09-21,49.69281005859375,Real
2021-09-22,49.77266311645508,Real
2021-09-23,50.19853210449219,Real
2021-09-24,49.657318115234375,Real
2021-09-27,50.23401641845703,Real
2021-09-28,50.10093688964844,Real
2021-09-29,50.455814361572266,Real
2021-09-30,49.39116287231445,Real
2021-10-01,49.59522247314453,Real
2021-10-04,49.9323616027832,Real
2021-10-05,49.90574645996094,Real
2021-10-06,50.1275520324707,Real
2021-10-07,50.08318710327149,Real
2021-10-08,49.94123840332031,Real
2021-10-11,50.06543731689453,Real
2021-10-12,50.16304016113281,Real
2021-10-13,49.73717880249024,Real
2021-10-14,49.16936111450195,Real
2021-10-15,49.06288909912109,Real
2021-10-18,48.29989242553711,Real
2021-10-19,48.67251586914063,Real
2021-10-20,49.26695251464844,Real
2021-10-21,49.69281005859375,Real
2021-10-22,50.24289321899414,Real
2021-10-25,50.44694900512695,Real
2021-10-26,50.047698974609375,Real
2021-10-27,49.30244445800781,Real
2021-10-28,50.31386566162109,Real
2021-10-29,48.34425354003906,Real
2021-11-01,49.12500381469727,Real
2021-11-02,48.94755172729492,Real
2021-11-03,50.10979843139648,Real
2021-11-04,49.59522247314453,Real
2021-11-05,49.151611328125,Real
2021-11-08,48.6281623840332,Real
2021-11-09,47.74982070922852,Real
2021-11-10,47.199745178222656,Real
2021-11-11,47.28846740722656,Real
2021-11-12,46.82711410522461,Real
2021-11-15,46.028621673583984,Real
2021-11-16,46.481101989746094,Real
2021-11-17,45.93989944458008,Real
2021-11-18,46.42787551879883,Real
2021-11-19,45.75358963012695,Real
2021-11-22,45.593894958496094,Real
2021-11-23,46.33027267456055,Real
2021-11-24,46.410133361816406,Real
2021-11-26,46.29479217529297,Real
2021-11-29,45.88666915893555,Real
2021-11-30,45.26561737060547,Real
2021-12-01,45.56726837158203,Real
2021-12-02,46.01087951660156,Real
2021-12-03,45.52290725708008,Real
2021-12-06,46.06411743164063,Real
2021-12-07,45.895545959472656,Real
2021-12-08,46.32140350341797,Real
2021-12-09,46.49884033203125,Real
2021-12-10,46.49884033203125,Real
2021-12-13,46.37464141845703,Real
2021-12-14,47.21749114990234,Real
2021-12-15,47.3746223449707,Real
2021-12-16,47.5362548828125,Real
2021-12-17,46.43179702758789,Real
2021-12-20,46.036712646484375,Real
2021-12-21,45.63264846801758,Real
2021-12-22,46.00977325439453,Real
2021-12-23,45.964874267578125,Real
2021-12-27,46.7819938659668,Real
2021-12-28,46.9077033996582,Real
2021-12-29,47.36564254760742,Real
2021-12-30,47.50033950805664,Real
2021-12-31,47.64401245117188,Real
2022-01-03,47.841552734375,Real
2022-01-04,48.5688705444336,Real
2022-01-05,48.37133026123047,Real
2022-01-06,49.45782470703125,Real
2022-01-07,50.5263557434082,Real
2022-01-10,49.67332077026367,Real
2022-01-11,49.9965705871582,Real
2022-01-12,49.52067565917969,Real
2022-01-13,49.664344787597656,Real
2022-01-14,49.53862762451172,Real
2022-01-18,48.928035736083984,Real
2022-01-19,47.9044075012207,Real
2022-01-20,47.00647735595703,Real
2022-01-21,46.77301788330078,Real
2022-01-24,48.80232620239258,Real
2022-01-25,48.928035736083984,Real
2022-01-26,48.703556060791016,Real
2022-01-27,48.470096588134766,Real
2022-01-28,48.87417221069336,Real
2022-01-31,49.08069610595703,Real
2022-02-01,47.21300506591797,Real
2022-02-02,47.356666564941406,Real
2022-02-03,47.56319427490234,Real
2022-02-04,47.20402145385742,Real
2022-02-07,47.66196060180664,Real
2022-02-08,48.003173828125,Real
2022-02-09,47.57217025756836,Real
2022-02-10,46.84484100341797,Real
2022-02-11,47.23096466064453,Real
2022-02-14,47.06034851074219,Real
2022-02-15,47.44646453857422,Real
2022-02-16,47.97623443603516,Real
2022-02-17,47.99419403076172,Real
2022-02-18,49.38597869873047,Real
2022-02-22,49.10762405395508,Real
2022-02-23,48.36234664916992,Real
2022-02-24,47.32973098754883,Real
2022-02-25,49.0627326965332,Real
2022-02-28,49.38597869873047,Real
2022-03-01,48.820289611816406,Real
2022-03-02,48.42520523071289,Real
2022-03-03,48.61376953125,Real
2022-03-04,48.46111679077149,Real
2022-03-07,48.03011703491211,Real
2022-03-08,47.608097076416016,Real
2022-03-09,47.9044075012207,Real
2022-03-10,47.733795166015625,Real
2022-03-11,47.99419403076172,Real
2022-03-14,48.09297180175781,Real
2022-03-15,47.48868560791016,Real
2022-03-16,47.57046508789063,Real
2022-03-17,48.07025146484375,Real
2022-03-18,48.606388092041016,Real
2022-03-21,49.15160751342773,Real
2022-03-22,49.30607986450195,Real
2022-03-23,49.242469787597656,Real
2022-03-24,49.33334732055664,Real
2022-03-25,50.096656799316406,Real
2022-03-28,49.96034240722656,Real
2022-03-29,50.0784797668457,Real
2022-03-30,50.45104598999024,Real
2022-03-31,49.978515625,Real
2022-04-01,51.01443862915039,Real
2022-04-04,50.16025924682617,Real
2022-04-05,49.9149169921875,Real
2022-04-06,49.696815490722656,Real
2022-04-07,50.10573196411133,Real
2022-04-08,49.560523986816406,Real
2022-04-11,49.6513900756836,Real
2022-04-12,49.02438354492188,Real
2022-04-13,48.5791244506836,Real
2022-04-14,48.70633316040039,Real
2022-04-18,47.706764221191406,Real
2022-04-19,48.07025146484375,Real
2022-04-20,49.35151672363281,Real
2022-04-21,49.40604019165039,Real
2022-04-22,47.38872909545898,Real
2022-04-25,47.20698547363281,Real
2022-04-26,46.08928298950195,Real
2022-04-27,46.10745620727539,Real
2022-04-28,46.88893508911133,Real
2022-04-29,45.82575988769531,Real
2022-05-02,46.28011322021485,Real
2022-05-03,46.96163940429688,Real
2022-05-04,47.85215759277344,Real
2022-05-05,47.57046508789063,Real
2022-05-06,46.87076950073242,Real
2022-05-09,45.2532844543457,Real
2022-05-10,44.21735763549805,Real
2022-05-11,44.05379486083984,Real
2022-05-12,43.726661682128906,Real
2022-05-13,43.73575210571289,Real
2022-05-16,43.499488830566406,Real
2022-05-17,44.19010162353516,Real
2022-05-18,43.87205505371094,Real
2022-05-19,43.11783218383789,Real
2022-05-20,42.36360931396485,Real
2022-05-23,43.6085319519043,Real
2022-05-24,43.58126831054688,Real
2022-05-25,44.25370788574219,Real
2022-05-26,44.42635726928711,Real
2022-05-27,44.90797424316406,Real
2022-05-31,44.48087692260742,Real
2022-06-01,44.17192077636719,Real
2022-06-02,44.517234802246094,Real
2022-06-03,43.78118133544922,Real
2022-06-06,43.97200775146485,Real
2022-06-07,43.9174919128418,Real
2022-06-08,44.17192077636719,Real
2022-06-09,43.31774139404297,Real
2022-06-10,42.80887222290039,Real
2022-06-13,42.26366424560547,Real
2022-06-14,41.28226089477539,Real
2022-06-15,41.57255935668945,Real
2022-06-16,40.03351593017578,Real
2022-06-17,40.300777435302734,Real
2022-06-21,40.770782470703125,Real
2022-06-22,40.92744827270508,Real
2022-06-23,40.55881118774414,Real
2022-06-24,40.66020202636719,Real
2022-06-27,41.259220123291016,Real
2022-06-28,41.16706085205078,Real
2022-06-29,40.098026275634766,Real
2022-06-30,40.82607269287109,Real
2022-07-01,41.0656852722168,Real
2022-07-05,40.991966247558594,Real
2022-07-06,41.38823699951172,Real
2022-07-07,42.1623649597168,Real
2022-07-08,41.80295181274414,Real
2022-07-11,42.41119384765625,Real
2022-07-12,41.66471099853516,Real
2022-07-13,41.849029541015625,Real
2022-07-14,39.8399772644043,Real
2022-07-15,39.29624557495117,Real
2022-07-18,38.34701919555664,Real
2022-07-19,39.019775390625,Real
2022-07-20,39.019775390625,Real
2022-07-21,38.494476318359375,Real
2022-07-22,37.89544677734375,Real
2022-07-25,38.26407623291016,Real
2022-07-26,38.503692626953125,Real
2022-07-27,38.43917846679688,Real
2022-07-28,38.64192962646485,Real
2022-07-29,38.64192962646485,Real
2022-08-01,37.80328750610352,Real
2022-08-02,36.83563232421875,Real
2022-08-03,32.44889450073242,Real
2022-08-04,29.8776798248291,Real
2022-08-05,29.785524368286133,Real
2022-08-08,30.882211685180664,Real
2022-08-09,29.453754425048828,Real
2022-08-10,29.905332565307617,Real
2022-08-11,30.34769058227539,Real
2022-08-12,30.614946365356445,Real
2022-08-15,31.50888442993164,Real
2022-08-16,32.144775390625,Real
2022-08-17,32.2737922668457,Real
2022-08-18,32.55949020385742,Real
2022-08-19,31.637903213500977,Real
2022-08-22,31.80378532409668,Real
2022-08-23,31.61025047302246,Real
2022-08-24,31.656330108642575,Real
2022-08-25,31.619478225708008,Real
2022-08-26,30.46749687194824,Real
2022-08-29,30.421411514282227,Real
2022-08-30,29.822389602661133,Real
2022-08-31,29.398460388183597,Real
2022-09-01,29.75787734985352,Real
2022-09-02,30.338472366333008,Real
2022-09-06,29.9329776763916,Real
2022-09-07,31.186328887939453,Real
2022-09-08,31.29691696166992,Real
2022-09-09,31.26005744934082,Real
2022-09-12,31.656330108642575,Real
2022-09-13,30.89142227172852,Real
2022-09-14,31.79205322265625,Real
2022-09-15,31.77345466613769,Real
2022-09-16,29.800981521606445,Real
2022-09-19,30.61044311523437,Real
2022-09-20,29.363689422607425,Real
2022-09-21,27.902950286865234,Real
2022-09-22,27.68895530700684,Real
2022-09-23,28.00529670715332,Real
2022-09-26,27.363311767578125,Real
2022-09-27,27.102792739868164,Real
2022-09-28,27.521482467651367,Real
2022-09-29,27.13071060180664,Real
2022-09-30,26.44220733642578,Real
2022-10-03,26.42360115051269,Real
2022-10-04,27.409832000732425,Real
2022-10-05,27.74477767944336,Real
2022-10-06,26.96323585510254,Real
2022-10-07,26.35847282409668,Real
2022-10-10,27.223751068115234,Real
2022-10-11,27.85643196105957,Real
2022-10-12,27.568002700805664,Real
2022-10-13,28.061119079589844,Real
2022-10-14,28.32163429260254,Real
2022-10-17,28.45189094543457,Real
2022-10-18,28.796140670776367,Real
2022-10-19,28.17276763916016,Real
2022-10-20,26.618986129760746,Real
2022-10-21,26.851587295532227,Real
2022-10-24,26.95393180847168,Real
2022-10-25,26.50733757019043,Real
2022-10-26,26.6282901763916,Real
2022-10-27,26.41429710388184,Real
2022-10-28,27.074886322021484,Real
2022-10-31,26.981843948364254,Real
2022-11-01,26.95393180847168,Real
2022-11-02,30.75930595397949,Real
2022-11-03,30.12662696838379,Real
2022-11-04,34.22041702270508,Real
2022-11-07,32.5363883972168,Real
2022-11-08,32.63873291015625,Real
2022-11-09,32.266571044921875,Real
2022-11-10,32.36891174316406,Real
2022-11-11,34.85309600830078,Real
2022-11-14,34.38789749145508,Real
2022-11-15,34.26694869995117,Real
2022-11-16,33.764522552490234,Real
2022-11-17,34.46233367919922,Real
2022-11-18,34.25764083862305,Real
2022-11-21,33.70869827270508,Real
2022-11-22,33.94130325317383,Real
2022-11-23,34.28554916381836,Real
2022-11-25,34.871707916259766,Real
2022-11-28,33.49470901489258,Real
2022-11-29,33.61565399169922,Real
2022-11-30,33.755218505859375,Real
2022-12-01,33.457489013671875,Real
2022-12-02,34.080867767333984,Real
2022-12-05,33.838958740234375,Real
2022-12-06,33.49470901489258,Real
2022-12-07,33.587745666503906,Real
2022-12-08,33.6807861328125,Real
2022-12-09,33.215579986572266,Real
2022-12-12,32.880638122558594,Real
2022-12-13,32.908546447753906,Real
2022-12-14,32.4278564453125,Real
2022-12-15,32.324588775634766,Real
2022-12-16,32.07109069824219,Real
2022-12-19,32.7376708984375,Real
2022-12-20,32.20252990722656,Real
2022-12-21,31.986595153808597,Real
2022-12-22,31.3669548034668,Real
2022-12-23,31.404504776000977,Real
2022-12-27,31.08530044555664,Real
2022-12-28,30.803646087646484,Real
2022-12-29,32.18375015258789,Real
2022-12-30,32.10865020751953,Real
2023-01-03,32.240089416503906,Real
2023-01-04,32.765846252441406,Real
2023-01-05,33.507530212402344,Real
2023-01-06,34.20227813720703,Real
2023-01-09,33.404258728027344,Real
2023-01-10,33.873687744140625,Real
2023-01-11,32.81278610229492,Real
2023-01-12,33.12260437011719,Real
2023-01-13,33.62019348144531,Real
2023-01-17,33.34792709350586,Real
2023-01-18,32.96299743652344,Real
2023-01-19,32.25886535644531,Real
2023-01-20,32.69073486328125,Real
2023-01-23,33.01932907104492,Real
2023-01-24,33.056884765625,Real
2023-01-25,33.00994873046875,Real
2023-01-26,32.6343994140625,Real
2023-01-27,32.48418045043945,Real
2023-01-30,32.68134689331055,Real
2023-01-31,33.54508972167969,Real
2023-02-01,34.90641403198242,Real
2023-02-02,35.7983283996582,Real
2023-02-03,36.24897384643555,Real
2023-02-06,35.85465621948242,Real
2023-02-07,36.436744689941406,Real
2023-02-08,36.23958206176758,Real
2023-02-09,34.99091339111328,Real
2023-02-10,34.90641403198242,Real
2023-02-13,34.436988830566406,Real
2023-02-14,34.71864700317383,Real
2023-02-15,32.31519317626953,Real
2023-02-16,33.54508972167969,Real
2023-02-17,34.3055534362793,Real
2023-02-21,32.68134689331055,Real
2023-02-22,33.6953010559082,Real
2023-02-23,33.12260437011719,Real
2023-02-24,32.47480010986328,Real
2023-02-27,31.85515785217285,Real
2023-02-28,31.96781539916992,Real
2023-03-01,31.54533576965332,Real
2023-03-02,31.207353591918945,Real
2023-03-03,31.1604061126709,Real
2023-03-06,30.76609230041504,Real
2023-03-07,29.94929313659668,Real
2023-03-08,29.88357353210449,Real
2023-03-09,29.404762268066406,Real
2023-03-10,28.62551498413086,Real
2023-03-13,28.03404426574707,Real
2023-03-14,29.06650161743164,Real
2023-03-15,28.53508758544922,Real
2023-03-16,29.68332862854004,Real
2023-03-17,28.51610946655273,Real
2023-03-20,28.6584529876709,Real
2023-03-21,29.189870834350582,Real
2023-03-22,28.392742156982425,Real
2023-03-23,28.07010078430176,Real
2023-03-24,28.933650970458984,Real
2023-03-27,29.038036346435547,Real
2023-03-28,29.559961318969727,Real
2023-03-29,29.92056655883789,Real
2023-03-30,29.768733978271484,Real
2023-03-31,30.119844436645508,Real
2023-04-03,30.243209838867188,Real
2023-04-04,30.40453338623047,Real
2023-04-05,31.049823760986328,Real
2023-04-06,30.945436477661133,Real
2023-04-10,31.43889045715332,Real
2023-04-11,31.51480865478516,Real
2023-04-12,30.40453338623047,Real
2023-04-13,29.26578521728516,Real
2023-04-14,28.45917320251465,Real
2023-04-17,28.686920166015625,Real
2023-04-18,28.70590209960937,Real
2023-04-19,29.54098129272461,Real
2023-04-20,29.417619705200195,Real
2023-04-21,29.43659782409668,Real
2023-04-24,29.21833610534668,Real
2023-04-25,28.753347396850582,Real
2023-04-26,28.686920166015625,Real
2023-04-27,29.673837661743164,Real
2023-04-28,28.85773277282715,Real
2023-05-01,28.81977653503418,Real
2023-05-02,27.965715408325195,Real
2023-05-03,27.766435623168945,Real
2023-05-04,28.02265167236328,Real
2023-05-05,28.013164520263672,Real
2023-05-08,28.127037048339844,Real
2023-05-09,28.34530067443848,Real
2023-05-10,28.20295524597168,Real
2023-05-11,28.051122665405277,Real
2023-05-12,28.03214263916016,Real
2023-05-15,28.592021942138672,Real
2023-05-16,28.867223739624023,Real
2023-05-17,29.199357986450195,Real
2023-05-18,29.474557876586918,Real
2023-05-19,29.313234329223636,Real
2023-05-22,29.60740852355957,Real
2023-05-23,28.943140029907227,Real
2023-05-24,28.1175479888916,Real
2023-05-25,28.09856986999512,Real
2023-05-26,28.04163360595703,Real
2023-05-30,28.70590209960937,Real
2023-05-31,28.478151321411133,Real
2023-06-01,28.146015167236328,Real
2023-06-02,28.72488212585449,Real
2023-06-05,27.956226348876957,Real
2023-06-06,28.743860244750977,Real
2023-06-07,29.692813873291016,Real
2023-06-08,29.11395263671875,Real
2023-06-09,28.2598934173584,Real
2023-06-12,28.193464279174805,Real
2023-06-13,28.21244430541992,Real
2023-06-14,27.9515380859375,Real
2023-06-15,27.865209579467773,Real
2023-06-16,29.371177673339844,Real
2023-06-20,29.57261085510254,Real
2023-06-21,29.98507499694824,Real
2023-06-22,30.51264190673828,Real
2023-06-23,29.361587524414062,Real
2023-06-26,29.438322067260746,Real
2023-06-27,29.23688697814941,Real
2023-06-28,28.344816207885746,Real
2023-06-29,29.390361785888672,Real
2023-06-30,29.03545188903809,Real
2023-07-03,29.016267776489254,Real
2023-07-05,28.105010986328125,Real
2023-07-06,27.682958602905277,Real
2023-07-07,28.04745864868164,Real
2023-07-10,27.70214080810547,Real
2023-07-11,27.27049827575684,Real
2023-07-12,28.575029373168945,Real
2023-07-13,28.0186824798584,Real
2023-07-14,27.539077758789062,Real
2023-07-17,27.97072029113769,Real
2023-07-18,28.344816207885746,Real
2023-07-19,28.5654354095459,Real
2023-07-20,29.20811080932617,Real
2023-07-21,29.150554656982425,Real
2023-07-24,29.46709632873535,Real
2023-07-25,29.45750617980957,Real
2023-07-26,30.0714054107666,Real
2023-07-27,29.937110900878903,Real
2023-07-28,30.57978820800781,Real
2023-07-31,30.8675537109375,Real
2023-08-01,30.35917091369629,Real
2023-08-02,29.217700958251957,Real
2023-08-03,29.78363800048828,Real
2023-08-04,29.284847259521484,Real
2023-08-07,30.157733917236328,Real
2023-08-08,29.956296920776367,Real
2023-08-09,29.917930603027344,Real
2023-08-10,29.89874649047852,Real
2023-08-11,29.879562377929688,Real
2023-08-14,29.716495513916016,Real
2023-08-15,28.718914031982425,Real
2023-08-16,28.958715438842773,Real
2023-08-17,28.718914031982425,Real
2023-08-18,27.74051284790039,Real
2023-08-21,27.673364639282227,Real
2023-08-22,27.41437721252441,Real
2023-08-23,27.38559913635254,Real
2023-08-24,27.721324920654297,Real
2023-08-25,27.98990821838379,Real
2023-08-28,27.77887725830078,Real
2023-08-29,27.92276382446289,Real
2023-08-30,28.124195098876957,Real
2023-08-31,27.44315528869629,Real
2023-09-01,27.500707626342773,Real
2023-09-05,26.752517700195312,Real
2023-09-06,26.71415138244629,Real
2023-09-07,26.992321014404297,Real
2023-09-08,26.944360733032227,Real
2023-09-11,27.462337493896484,Real
2023-09-12,28.0186824798584,Real
2023-09-13,28.288280487060547,Real
2023-09-14,28.47253799438477,Real
2023-09-15,28.113719940185547,Real
2023-09-18,27.599740982055664,Real
2023-09-19,27.473670959472656,Real
2023-09-20,27.386388778686523,Real
2023-09-21,27.20213508605957,Real
2023-09-22,27.43487930297852,Real
2023-09-25,27.5124626159668,Real
2023-09-26,27.21183204650879,Real
2023-09-27,26.90150451660156,Real
2023-09-28,27.696718215942383,Real
2023-09-29,27.182737350463867,Real
2023-10-02,26.95969009399414,Real
2023-10-03,27.008180618286133,Real
2023-10-04,26.862716674804688,Real
2023-10-05,27.308807373046875,Real
2023-10-06,27.531856536865234,Real
2023-10-09,27.87127685546875,Real
2023-10-10,27.735509872436523,Real
2023-10-11,27.99734687805176,Real
2023-10-12,27.754905700683597,Real
2023-10-13,28.83135223388672,Real
2023-10-16,29.76233291625977,Real
2023-10-17,30.334503173828125,Real
2023-10-18,29.97568130493164,Real
2023-10-19,29.59747314453125,Real
2023-10-20,29.37442779541016,Real
2023-10-23,28.559818267822266,Real
2023-10-24,28.76346969604492,Real
2023-10-25,29.199865341186523,Real
2023-10-26,29.22895812988281,Real
2023-10-27,28.753772735595703,Real
2023-10-30,29.422914505004883,Real
2023-10-31,29.946590423583984,Real
2023-11-01,36.41497802734375,Real
2023-11-02,35.891300201416016,Real
2023-11-03,35.338531494140625,Real
2023-11-06,35.67795181274414,Real
2023-11-07,35.92039108276367,Real
2023-11-08,35.5324821472168,Real
2023-11-09,35.23185348510742,Real
2023-11-10,34.97002029418945,Real
2023-11-13,34.63059616088867,Real
2023-11-14,35.57127380371094,Real
2023-11-15,35.25124740600586,Real
2023-11-16,34.97002029418945,Real
2023-11-17,34.97002029418945,Real
2023-11-20,35.22216033935547,Real
2023-11-21,35.212459564208984,Real
2023-11-22,35.50339126586914,Real
2023-11-24,35.75553131103516,Real
2023-11-27,36.06585693359375,Real
2023-11-28,35.590667724609375,Real
2023-11-29,35.41611099243164,Real
2023-11-30,36.1240463256836,Real
2023-12-01,37.762962341308594,Real
2023-12-04,38.66484832763672,Real
2023-12-05,38.20906066894531,Real
2023-12-06,37.97631072998047,Real
2023-12-07,37.91812515258789,Real
2023-12-08,37.714473724365234,Real
2023-12-11,38.02480316162109,Real
2023-12-12,38.53878402709961,Real
2023-12-13,38.517276763916016,Real
2023-12-14,37.656986236572266,Real
2023-12-15,36.591407775878906,Real
2023-12-18,36.591407775878906,Real
2023-12-19,36.87491607666016,Real
2023-12-20,36.4838752746582,Real
2023-12-21,36.64028549194336,Real
2023-12-22,36.79670333862305,Real
2023-12-26,36.80648422241211,Real
2023-12-27,37.226844787597656,Real
2023-12-28,36.97267150878906,Real
2023-12-29,36.474098205566406,Real
2024-01-02,36.4838752746582,Real
2024-01-03,36.268802642822266,Real
2024-01-04,37.01177597045898,Real
2024-01-05,37.559226989746094,Real
2024-01-08,37.12908935546875,Real
2024-01-09,36.52297592163086,Real
2024-01-10,38.02847671508789,Real
2024-01-11,38.37063217163086,Real
2024-01-12,38.07735443115234,Real
2024-01-16,38.3608627319336,Real
2024-01-17,38.439064025878906,Real
2024-01-18,39.05495071411133,Real
2024-01-19,39.7392692565918,Real
2024-01-22,40.06187438964844,Real
2024-01-23,39.34822463989258,Real
2024-01-24,39.48509216308594,Real
2024-01-25,40.687538146972656,Real
2024-01-26,40.44313430786133,Real
2024-01-29,40.462684631347656,Real
2024-01-30,39.87613296508789,Real
2024-01-31,39.152713775634766,Real
2024-02-01,38.97674179077149,Real
2024-02-02,37.911163330078125,Real
2024-02-05,37.42236709594727,Real
2024-02-06,38.3315315246582,Real
2024-02-07,37.77429962158203,Real
2024-02-08,39.11360549926758,Real
2024-02-09,39.64150619506836,Real
2024-02-12,39.445987701416016,Real
2024-02-13,39.46553802490234,Real
2024-02-14,41.88997650146485,Real
2024-02-15,45.14537048339844,Real
2024-02-16,49.53477478027344,Real
2024-02-20,49.63253784179688,Real
2024-02-21,48.32255935668945,Real
2024-02-22,48.8504638671875,Real
2024-02-23,49.27082824707031,Real
2024-02-26,48.967769622802734,Real
2024-02-27,47.814208984375,Real
2024-02-28,46.98324966430664,Real
2024-02-29,47.5991325378418,Real
2024-03-01,47.33518600463867,Real
2024-03-04,46.93437194824219,Real
2024-03-05,47.09078979492188,Real
2024-03-06,47.22765350341797,Real
2024-03-07,46.7779541015625,Real
2024-03-08,47.27653503417969,Real
2024-03-11,46.47490310668945,Real
2024-03-12,46.39419937133789,Real
2024-03-13,46.70913696289063,Real
2024-03-14,46.70913696289063,Real
2024-03-15,47.78189086914063,Real
2024-03-18,46.88628768920898,Real
2024-03-19,47.339012145996094,Real
2024-03-20,47.12249374389648,Real
2024-03-21,48.1263542175293,Real
2024-03-22,47.64410781860352,Real
2024-03-25,48.13619613647461,Real
2024-03-26,48.342872619628906,Real
2024-03-27,51.01984024047852,Real
2024-03-28,50.78363800048828,Real
2024-04-01,51.7382926940918,Real
2024-04-02,52.01386260986328,Real
2024-04-03,51.77766036987305,Real
2024-04-04,49.94709014892578,Real
2024-04-05,50.006141662597656,Real
2024-04-08,50.64585494995117,Real
2024-04-09,50.07503128051758,Real
2024-04-10,50.48838806152344,Real
2024-04-11,50.43917465209961,Real
2024-04-12,50.09471893310547,Real
2024-04-15,51.18714904785156,Real
2024-04-16,52.525634765625,Real
2024-04-17,51.20683288574219,Real
2024-04-18,51.83671188354492,Real
2024-04-19,52.781524658203125,Real
2024-04-22,54.45463180541992,Real
2024-04-23,55.86199951171875,Real
2024-04-24,54.34636688232422,Real
2024-04-25,53.44092178344727,Real
2024-04-26,50.84268951416016,Real
2024-04-29,52.25990676879883,Real
2024-04-30,51.43319320678711,Real
2024-05-01,53.43107986450195,Real
2024-05-02,54.58256912231445,Real
2024-05-03,53.8345947265625,Real
2024-05-06,55.24197006225586,Real
2024-05-07,54.671146392822266,Real
2024-05-08,55.96042251586914,Real
2024-05-09,57.0823860168457,Real
2024-05-10,56.64934921264648,Real
2024-05-13,56.1375732421875,Real
2024-05-14,56.53124237060547,Real
2024-05-15,56.5017204284668,Real
2024-05-16,57.04301834106445,Real
2024-05-17,57.27922058105469,Real
2024-05-20,57.66305160522461,Real
2024-05-21,58.3126106262207,Real
2024-05-22,58.12561798095703,Real
2024-05-23,55.74390411376953,Real
2024-05-24,56.20646667480469,Real
2024-05-28,55.07466125488281,Real
2024-05-29,54.651458740234375,Real
2024-05-30,55.10418701171875,Real
2024-05-31,54.946720123291016,Real
2024-06-03,54.68099212646485,Real
2024-06-04,54.110164642333984,Real
2024-06-05,54.60225296020508,Real
2024-06-06,54.03143310546875,Real
2024-06-07,53.9920654296875,Real
2024-06-10,52.938995361328125,Real
2024-06-11,51.76781845092773,Real
2024-06-12,51.66939926147461,Real
2024-06-13,50.37028884887695,Real
2024-06-14,50.22176361083984,Real
2024-06-17,51.241641998291016,Real
2024-06-18,50.66733932495117,Real
2024-06-20,51.10301971435547,Real
2024-06-21,51.93476867675781,Real
2024-06-24,51.5386962890625,Real
2024-06-25,51.80604553222656,Real
2024-06-26,51.19213485717773,Real
2024-06-27,51.815948486328125,Real
2024-06-28,52.61799240112305,Real
2024-07-01,52.35063934326172,Real
2024-07-02,52.36054611206055,Real
2024-07-03,52.28133010864258,Real
2024-07-05,52.08329391479492,Real
2024-07-08,52.30113220214844,Real
2024-07-09,51.73673248291016,Real
2024-07-10,52.22192001342773,Real
2024-07-11,53.33091735839844,Real
2024-07-12,53.92502212524414,Real
2024-07-15,54.43991470336914,Real
2024-07-16,56.01429748535156,Real
2024-07-17,56.98466873168945,Real
2024-07-18,57.40054702758789,Real
2024-07-19,55.82616424560547,Real
2024-07-22,57.19260787963867,Real
2024-07-23,57.48966217041016,Real
2024-07-24,55.98459243774414,Real
2024-07-25,56.10341262817383,Real
2024-07-26,57.5688705444336,Real
2024-07-29,57.92533874511719,Real
2024-07-30,58.26199722290039,Real
2024-07-31,59.28187942504883,Real
2024-08-01,59.767066955566406,Real
2024-08-02,58.43032455444336,Real
2024-08-05,58.58875274658203,Real
2024-08-06,59.182861328125,Real
2024-08-07,61.54938507080078,Real
2024-08-08,60.579010009765625,Real
2024-08-09,59.826473236083984,Real
2024-08-12,59.15316009521485,Real
2024-08-13,59.46010971069336,Real
2024-08-14,59.53932571411133,Real
2024-08-15,59.75716018676758,Real
2024-08-16,60.18293762207031,Real
2024-08-19,60.39087677001953,Real
2024-08-20,59.53932571411133,Real
2024-08-21,60.50970077514648,Real
2024-08-22,61.10380172729492,Real
2024-08-23,61.89594268798828,Real
2024-08-26,62.103885650634766,Real
2024-08-27,62.72769165039063,Real
2024-08-28,64.15354919433594,Real
2024-08-29,65.51009368896484,Real
2024-08-30,65.57940673828125,Real
2024-09-03,63.37130737304688,Real
2024-09-04,62.21280288696289,Real
2024-09-05,62.59897232055664,Real
2024-09-06,61.41075897216797,Real
2024-09-09,59.81657409667969,Real
2024-09-10,58.60855484008789,Real
2024-09-11,57.3807373046875,Real
2024-09-12,57.61770248413086,Real
2024-09-13,58.15534973144531,Real
2024-09-16,58.88216400146485,Real
2024-09-17,59.09124755859375,Real
2024-09-18,59.3102912902832,Real
2024-09-19,59.7881965637207,Real
2024-09-20,59.7881965637207,Real
2024-09-23,62.16777801513672,Real
2024-09-24,64.44779968261719,Real
2024-09-25,63.2729377746582,Real
2024-09-26,63.64132308959961,Real
2024-09-27,62.9543342590332,Real
2024-09-30,62.70542526245117,Real
2024-10-01,63.10368347167969,Real
2024-10-02,63.44219970703125,Real
2024-10-03,63.05390167236328,Real
2024-10-04,64.80622100830078,Real
2024-10-07,62.54612350463867,Real
2024-10-08,62.83485794067383,Real
2024-10-09,64.8460464477539,Real
2024-10-10,64.49757385253906,Real
2024-10-11,64.77635192871094,Real
2024-10-14,65.503173828125,Real
2024-10-15,65.86160278320312,Real
2024-10-16,67.45462799072266,Real
2024-10-18,66.99663543701172,Real
2024-10-21,66.15034484863281,Real
2024-10-22,65.64256286621094,Real
2024-10-23,65.92134094238281,Real
2024-10-24,67.7135009765625,Real
2024-10-25,66.74772644042969,Real
2024-10-28,67.54423522949219,Real
2024-10-31,67.33515167236328,Real
2024-11-01,65.32395935058594,Real
2024-11-04,66.2598648071289,Real
2024-11-05,67.31523895263672,Real
2024-12-18,67.41000366210938,Real
2024-12-27,66.9800033569336,Real
2024-12-30,66.61000061035156,Real
2024-12-31,66.4800033569336,Real
2025-01-02,65.75,Real
2025-01-03,65.73999786376953,Real
2025-01-06,64.9800033569336,Real
2025-01-07,64.88999938964844,Real
2025-01-08,60.70000076293945,Real
2025-01-10,48.630001068115234,Real
2025-01-13,47.18000030517578,Real
2025-01-14,48.95000076293945,Real
2025-01-15,52.900001525878906,Real
2025-01-16,52.06999969482422,Real
2025-01-17,48.18999862670898,Real
2025-01-21,50.09000015258789,Real
2025-01-22,47.68999862670898,Real
2025-01-23,50.09000015258789,Real
2025-01-24,49.380001068115234,Real
2025-01-27,51.650001525878906,Real
2025-01-28,49.93999862670898,Real
2025-01-29,49.540000915527344,Real
2025-01-30,50.79999923706055,Real
2025-01-31,49.84000015258789,Real
2025-02-01,50.040401649844185,Prediksi
2025-02-02,49.42120538573926,Prediksi
2025-02-03,49.78044183878982,Prediksi
2025-02-04,50.12755273804895,Prediksi
2025-02-05,49.86213857023516,Prediksi
2025-02-06,49.55812112791022,Prediksi
2025-02-07,48.979715531432184,Prediksi
2025-02-08,49.5035490472163,Prediksi
2025-02-09,49.12422115847339,Prediksi
2025-02-10,49.337431228290555,Prediksi
2025-02-11,49.53248722398561,Prediksi
2025-02-12,49.412164236968714,Prediksi
2025-02-13,49.23845488156872,Prediksi
2025-02-14,48.89783282636187,Prediksi
2025-02-15,49.047500809595796,Prediksi
2025-02-16,48.910374745585884,Prediksi
2025-02-17,49.05147351703305,Prediksi
2025-02-18,49.02055842556541,Prediksi
2025-02-19,48.885530106401625,Prediksi
2025-02-20,48.89439965359169,Prediksi
2025-02-21,48.60962415683545,Prediksi
2025-02-22,48.70714366222853,Prediksi
2025-02-23,48.635962274393066,Prediksi
2025-02-24,48.73708330091647,Prediksi
2025-02-25,48.74150302993285,Prediksi
2025-02-26,48.71496581966384,Prediksi
2025-02-27,48.63914700656383,Prediksi
2025-02-28,48.37234804750431,Prediksi
2025-03-01,48.42151029600879,Prediksi
2025-03-02,48.340619262679034,Prediksi
2025-03-03,48.464445254564104,Prediksi
2025-03-04,48.45518570438582,Prediksi
2025-03-05,48.353482047635055,Prediksi
2025-03-06,48.36822513109451,Prediksi
2025-03-07,48.103201300537464,Prediksi
2025-03-08,48.15823916877327,Prediksi
2025-03-09,48.11210608410888,Prediksi
2025-03-10,48.25514952273423,Prediksi
2025-03-11,48.224352727128036,Prediksi
2025-03-12,48.20151335767422,Prediksi
2025-03-13,48.16148798906714,Prediksi
2025-03-14,47.97775658272294,Prediksi
2025-03-15,48.01507919907296,Prediksi
2025-03-16,47.98002890409325,Prediksi
2025-03-17,47.728624278252646,Prediksi
2025-03-18,46.79874747286272,Prediksi
2025-03-19,47.23093882434075,Prediksi
2025-03-20,47.49273926700592,Prediksi
2025-03-21,47.37479171540318,Prediksi
2025-03-22,47.70067995789863,Prediksi
2025-03-23,47.47746447239559,Prediksi
2025-03-24,47.42318413750332,Prediksi
2025-03-25,47.343001727355514,Prediksi
2025-03-26,47.523090806877995,Prediksi
2025-03-27,47.598016599963614,Prediksi
2025-03-28,47.49889322580779,Prediksi
2025-03-29,47.33818655500904,Prediksi
2025-03-30,47.331774955657494,Prediksi
2025-03-31,47.63152504314445,Prediksi
2025-04-01,47.57230491377313,Prediksi
